section_links
&rlm;[[:Athlon]]&rlm; (hu)	Athlon
&rlm;[[:RDRAM]]&rlm; (it)	RDRAM
&rlm;[[:SDRAM]]&rlm; (fi)	SDRAM
&rlm;[[:DDR SDRAM]]&rlm; (el fi)	DDR SDRAM
&rlm;[[:ADSL]]&rlm; (sv)	ADSL
[[:אקסיומת המקבילים]] (tr)	אקסיומת המקבילים
[[:בנייה בסרגל ובמחוגה]] (eo)	בנייה בסרגל ובמחוגה
[[:אסמבלר]] (en pt)	אסמבלר
[[:תורת הקבוצות האקסיומטית]] (en)	תורת הקבוצות האקסיומטית
[[:שפת סף]] (pl)	שפת סף
&rlm;[[:שכבת הרשת של מודל ה-OSI]]&rlm; (de)	שכבת הרשת של מודל ה-OSI
[[:הצרחה]] (es)	הצרחה
[[:קין]] (en)	קין
[[:גאוגרפיה של ארץ ישראל]] (bn)	גאוגרפיה של ארץ ישראל
[[:הבל]] (en)	הבל
[[:המוות השחור]] (ja)	המוות השחור
&rlm;[[:שכבת הקו של מודל ה-OSI]]&rlm; (de)	שכבת הקו של מודל ה-OSI
&rlm;[[:השכבה הפיזית של מודל ה-OSI]]&rlm; (ru)	השכבה הפיזית של מודל ה-OSI
[[:סוגה מוזיקלית]] (de)	סוגה מוזיקלית
[[:מיון עולם הטבע]] (de nl)	מיון עולם הטבע
[[:אנתרופואידים]] (en)	אנתרופואידים
[[:יחידות מידה לאורך]] (en)	יחידות מידה לאורך
[[:כלל הסה]] (en)	כלל הסה
[[:חלב יונים]] (de)	חלב יונים
[[:חכמי חלם]] (en)	חכמי חלם
[[:דולמן]] (sv)	דולמן
[[:כלכלת ישראל]] (bn)	כלכלת ישראל
[[:אופליה]] (de)	אופליה
[[:תועלת שולית]] (de)	תועלת שולית
[[:ימים ואוקיינוסים]] (an bat-smg be-x-old cs cy el en es eu fa hr hu it ja ka lt nds-nl nl os pl pt ru sh simple sk sl su ta tr uk uz vi)	ימים ואוקיינוסים
[[:לורד וולדמורט]] (de)	לורד וולדמורט
[[:זמר עברי]] (pt)	זמר עברי
[[:תאוריית הצרכים]] (it)	תאוריית הצרכים
[[:מהימנות (שיטות מחקר)]] (pl)	מהימנות (שיטות מחקר)
[[:פוליטיקה של ישראל]] (bn)	פוליטיקה של ישראל
&rlm;[[:Age of Empires]]&rlm; (de)	Age of Empires
[[:עקדת יצחק]] (pt)	עקדת יצחק
[[:הומופוניה]] (fr)	הומופוניה
[[:מפא"י]] (de)	מפא"י
[[:עולמות מתנגשים]] (de)	עולמות מתנגשים
[[:ניקוד העברית בת ימינו]] (de)	ניקוד העברית בת ימינו
[[:ממלכת הכוזרים]] (en)	ממלכת הכוזרים
[[:אוכלוסייה]] (id)	אוכלוסייה
[[:הגולם מפראג]] (en)	הגולם מפראג
[[:בעלות הברית]] (de fa)	בעלות הברית
[[:פצצת נייטרון]] (de)	פצצת נייטרון
[[:תת-קבוצה]] (ro)	תת-קבוצה
[[:זוג סדור]] (ru)	זוג סדור
[[:קווידיץ']] (de)	קווידיץ'
[[:משפט אייכמן]] (en fr)	משפט אייכמן
[[:אקלים ארץ ישראל]] (en)	אקלים ארץ ישראל
[[:אדד-ניררי השני]] (sv)	אדד-ניררי השני
[[:קהילה רצונית]] (de)	קהילה רצונית
[[:מונרכיה חוקתית]] (hu)	מונרכיה חוקתית
[[:קרח יבש]] (fi fr)	קרח יבש
[[:צילום אוויר]] (es)	צילום אוויר
[[:גרף של פונקציה]] (pt)	גרף של פונקציה
[[:סקלר (פיזיקה)]] (de)	סקלר (פיזיקה)
[[:מואבית]] (en)	מואבית
[[:עורק]] (cs)	עורק
[[:דרור הבית]] (simple)	דרור הבית
[[:סלסה (ריקוד)]] (fr)	סלסה (ריקוד)
[[:משקל]] (vi)	משקל
[[:מונומר]] (hu)	מונומר
[[:פלזמה (דם)]] (simple)	פלזמה (דם)
[[:ציר המספרים]] (ja)	ציר המספרים
[[:כוח]] (da)	כוח
[[:התפלגות]] (it)	התפלגות
[[:זמן אוניברסלי מתואם]] (fi)	זמן אוניברסלי מתואם
[[:נוויל לונגבוטום]] (da de en fr ka lt vi)	נוויל לונגבוטום
[[:טרילוגיה]] (de)	טרילוגיה
[[:הרמיוני גריינג'ר]] (de)	הרמיוני גריינג'ר
[[:עמילן]] (da)	עמילן
[[:רוק סימפוני]] (de)	רוק סימפוני
[[:חמשה]] (fi)	חמשה
[[:התשובה לחיים, היקום וכל השאר]] (en)	התשובה לחיים, היקום וכל השאר
[[:האינקוויזיציה הספרדית]] (sv)	האינקוויזיציה הספרדית
[[:תאוריית ההתפתחות הקוגניטיבית של פיאז'ה]] (de nl)	תאוריית ההתפתחות הקוגניטיבית של פיאז'ה
[[:תרבות מצרים העתיקה]] (en)	תרבות מצרים העתיקה
[[:משפט המינימקס]] (en)	משפט המינימקס
[[:דיני נזיקין]] (es)	דיני נזיקין
&rlm;[[:NOR לוגי]]&rlm; (es it)	NOR לוגי
&rlm;[[:NAND לוגי]]&rlm; (es)	NAND לוגי
[[:וירג'ינל]] (it)	וירג'ינל
[[:קילומטר רבוע]] (de)	קילומטר רבוע
[[:סיבוכיות זמן]] (en)	סיבוכיות זמן
[[:קבוצה פורשת]] (pl ru)	קבוצה פורשת
[[:מנוע בעירה פנימית]] (cs)	מנוע בעירה פנימית
[[:פנאתינייקוס (כדורגל)]] (io)	פנאתינייקוס (כדורגל)
[[:גרף ממושקל]] (en)	גרף ממושקל
[[:בעיית גוף-נפש]] (de)	בעיית גוף-נפש
[[:מיון בועות]] (no)	מיון בועות
[[:מיון מיזוג]] (no)	מיון מיזוג
[[:מיון מהיר]] (no)	מיון מהיר
[[:חיתוך עץ]] (fi)	חיתוך עץ
[[:חט]] (pt)	חט
[[:מחלקה (תורת החבורות)]] (de ru)	מחלקה (תורת החבורות)
[[:יהדות רבנית]] (cs)	יהדות רבנית
[[:מרינול]] (de en hu)	מרינול
[[:הגנה ברלינאית]] (en)	הגנה ברלינאית
[[:בס מהלך]] (en)	בס מהלך
[[:מקונדו]] (it)	מקונדו
[[:כ"ט בנובמבר]] (en)	כ"ט בנובמבר
[[:אנטיביוזה]] (pt)	אנטיביוזה
[[:קוקה-קולה]] (da)	קוקה-קולה
[[:משקה חריף]] (de)	משקה חריף
[[:אריק קרטמן]] (de)	אריק קרטמן
[[:ננדו מצוי]] (ja)	ננדו מצוי
[[:קבוצה דלילה]] (de ru)	קבוצה דלילה
&rlm;[[:UTF-8]]&rlm; (fi)	UTF-8
[[:טריודה]] (de it sv)	טריודה
[[:כתיב חסר ניקוד]] (ar)	כתיב חסר ניקוד
[[:חד קוטביות]] (en)	חד קוטביות
&rlm;[[:אלף 0]]&rlm; (en)	אלף 0
[[:החי של ארץ ישראל]] (en)	החי של ארץ ישראל
[[:ועדת העיון מחדש ברשומות הנוגעות להתנקשות]] (en)	ועדת העיון מחדש ברשומות הנוגעות להתנקשות
[[:נקודת הטל]] (sv)	נקודת הטל
[[:קל וחומר]] (sk)	קל וחומר
[[:נוסחת ההיפוך של מביוס]] (ru)	נוסחת ההיפוך של מביוס
[[:קוסינוס]] (no)	קוסינוס
[[:כפל מטריצות]] (de)	כפל מטריצות
[[:שחלוף (מתמטיקה)]] (de)	שחלוף (מתמטיקה)
[[:המשפט היסודי של האריתמטיקה]] (de)	המשפט היסודי של האריתמטיקה
[[:הקדרים באים]] (de)	הקדרים באים
[[:טנגנס]] (no)	טנגנס
[[:אנטי-נייטרינו]] (en)	אנטי-נייטרינו
[[:דגירה]] (sv)	דגירה
[[:ביסמרק (פירושונים)]] (nn)	ביסמרק (פירושונים)
[[:פונקציה אנליטית]] (pl)	פונקציה אנליטית
[[:תשובה]] (de)	תשובה
[[:אלבוס דמבלדור]] (de ml)	אלבוס דמבלדור
[[:איוה איקוקו טוג'ורי]] (ja)	איוה איקוקו טוג'ורי
[[:רעם]] (ja)	רעם
[[:פירמידה (גאומטריה)]] (it)	פירמידה (גאומטריה)
[[:מכתבי אל-עמארנה]] (it)	מכתבי אל-עמארנה
[[:חייל]] (fr)	חייל
[[:צפון]] (da)	צפון
[[:שלשה פיתגורית]] (no)	שלשה פיתגורית
[[:ממסר פחת]] (fr ja)	ממסר פחת
[[:דגל סרביה ומונטנגרו]] (de)	דגל סרביה ומונטנגרו
[[:החתמה]] (sk)	החתמה
[[:השלמה לריבוע]] (ja)	השלמה לריבוע
[[:חול מזמר]] (de)	חול מזמר
[[:סולם מוס]] (de)	סולם מוס
[[:היראגאנה]] (sv)	היראגאנה
[[:לגולס]] (de)	לגולס
[[:שדה המספרים המרוכבים]] (en)	שדה המספרים המרוכבים
[[:תוכנית בזל]] (en)	תוכנית בזל
[[:פאה נכרית]] (hu)	פאה נכרית
[[:היסטוריה של הסוציאליזם]] (ja)	היסטוריה של הסוציאליזם
[[:הרמת משקולות]] (ang)	הרמת משקולות
[[:מטריצה חיובית]] (de)	מטריצה חיובית
[[:תפוח]] (de)	תפוח
[[:האחדה]] (sv)	האחדה
[[:רון ויזלי]] (de)	רון ויזלי
[[:הויגנס (גשושית)]] (it)	הויגנס (גשושית)
[[:מכינה קדם-צבאית]] (de)	מכינה קדם-צבאית
[[:היסטוריה של לבנון]] (bg ca el hr hu it ja li ms no sh sl sr ur)	היסטוריה של לבנון
&rlm;[[:וורהאמר 40,000]]&rlm; (no)	וורהאמר 40,000
[[:מעלה]] (hu)	מעלה
[[:שערי ירושלים]] (en)	שערי ירושלים
[[:ארמון החורף]] (de)	ארמון החורף
[[:החוק הראשון של התרמודינמיקה]] (de)	החוק הראשון של התרמודינמיקה
[[:ונציה הקטנה]] (en)	ונציה הקטנה
[[:אד הומינם]] (eo)	אד הומינם
[[:מרחב פשוט קשר]] (de)	מרחב פשוט קשר
[[:גאוגרפיה של מונגוליה]] (bn)	גאוגרפיה של מונגוליה
[[:פוליטיקה של מונגוליה]] (bn)	פוליטיקה של מונגוליה
[[:ארתור]] (sv)	ארתור
[[:פרודו בגינס]] (de simple)	פרודו בגינס
[[:שלום וסטפליה]] (hu)	שלום וסטפליה
[[:שבט יהודה]] (ca)	שבט יהודה
[[:לוגריתם טבעי]] (de)	לוגריתם טבעי
[[:מפסק אוטומטי מגנטי תרמי]] (fi)	מפסק אוטומטי מגנטי תרמי
[[:ממלכת ישראל]] (fj)	ממלכת ישראל
[[:משפט הערך הממוצע של קושי]] (en)	משפט הערך הממוצע של קושי
[[:זהות אוילר]] (pl)	זהות אוילר
[[:לנגבורן (נהר)]] (en pt)	לנגבורן (נהר)
[[:היסטוריה של האימפריה העות'מאנית]] (en)	היסטוריה של האימפריה העות'מאנית
[[:מספר דמוי משוכלל]] (de)	מספר דמוי משוכלל
[[:הספק חשמלי]] (da et sv)	הספק חשמלי
[[:החתים במקרא]] (pt)	החתים במקרא
[[:שוק גריניץ']] (en)	שוק גריניץ'
[[:כיבוש ארצות (משחק ילדים)]] (ru)	כיבוש ארצות (משחק ילדים)
[[:אן דן דינו]] (eo)	אן דן דינו
[[:סטפן הראשון]] (eo)	סטפן הראשון
&rlm;[[:SOS]]&rlm; (de)	SOS
[[:בלדת רוק]] (en)	בלדת רוק
[[:עוגיפלצת]] (de)	עוגיפלצת
[[:פיזיקה של מצב מוצק]] (de)	פיזיקה של מצב מוצק
[[:מערכת צירים קרטזית]] (fi)	מערכת צירים קרטזית
[[:קלורימטר]] (ja)	קלורימטר
[[:אינדונזית]] (de)	אינדונזית
[[:שחבור חליפי]] (fr it)	שחבור חליפי
[[:הצבא של בני הזולו]] (en)	הצבא של בני הזולו
[[:נאנומטר]] (cs)	נאנומטר
[[:דיאז]] (fi)	דיאז
[[:קבוצת בורל]] (el)	קבוצת בורל
[[:יוון העות'מאנית]] (el sv)	יוון העות'מאנית
[[:קרב קרקר]] (de)	קרב קרקר
[[:גולום]] (de)	גולום
[[:פוליטיקה של תימן]] (bn)	פוליטיקה של תימן
[[:לואי השני]] (de)	לואי השני
[[:גאליה קיסאלפינה]] (es)	גאליה קיסאלפינה
[[:ממיר קטליטי]] (fi)	ממיר קטליטי
[[:הטיעון האונטולוגי]] (de)	הטיעון האונטולוגי
[[:אולפני הוליווד של דיסני]] (pt)	אולפני הוליווד של דיסני
[[:צוללן]] (en)	צוללן
[[:למת הניפוח לשפות רגולריות]] (de)	למת הניפוח לשפות רגולריות
[[:אוטומט סופי לא דטרמיניסטי]] (nl)	אוטומט סופי לא דטרמיניסטי
[[:הבורג]] (de sv)	הבורג
[[:איגנורטיו אלנכי]] (nl)	איגנורטיו אלנכי
&rlm;[[:RTFM]]&rlm; (de)	RTFM
[[:לוחות הברית]] (de)	לוחות הברית
[[:התפלגות בדידה]] (en)	התפלגות בדידה
[[:התפלגות אחידה]] (su)	התפלגות אחידה
[[:חיוניות מטעה]] (zh)	חיוניות מטעה
[[:טיעון מן הנס]] (en)	טיעון מן הנס
[[:לימפוציט]] (ja)	לימפוציט
[[:פוסט הוק ארגו פרופטר הוק]] (de)	פוסט הוק ארגו פרופטר הוק
[[:קאטאקאנה]] (sv)	קאטאקאנה
&rlm;[[:3DES]]&rlm; (de)	3DES
[[:לקות שמיעה]] (sl)	לקות שמיעה
[[:טחנת רוח]] (es)	טחנת רוח
[[:אליעזר עבד אברהם]] (en fr it pt yi)	אליעזר עבד אברהם
[[:ג'י]] (ca fi hu ja la simple sl sv)	ג'י
[[:סוגי טנקים]] (zh)	סוגי טנקים
[[:אפיפיורים]] (nn)	אפיפיורים
[[:בילבו בגינס]] (de simple)	בילבו בגינס
[[:כשל הכוונה]] (en)	כשל הכוונה
[[:נושא הטבעת]] (en)	נושא הטבעת
[[:גנדאלף]] (de simple)	גנדאלף
[[:מריאדוק ברנדיבאק]] (de)	מריאדוק ברנדיבאק
[[:מחלוקת החישוב הכלכלי]] (fr)	מחלוקת החישוב הכלכלי
[[:טיפוס הרים]] (sv)	טיפוס הרים
[[:החוק השני של התרמודינמיקה]] (de)	החוק השני של התרמודינמיקה
[[:יריד]] (de)	יריד
[[:לילנגני]] (ss)	לילנגני
[[:ג'ודוקא]] (en)	ג'ודוקא
[[:גונדור]] (de)	גונדור
[[:נבדל]] (cs)	נבדל
[[:התניה אופרנטית]] (ru)	התניה אופרנטית
[[:רוק (מיתולוגיה)]] (zh)	רוק (מיתולוגיה)
[[:תסמונת קליינפלטר]] (ro)	תסמונת קליינפלטר
[[:פונקציה רקורסיבית]] (ru)	פונקציה רקורסיבית
[[:היימדייל]] (hu)	היימדייל
[[:שריון קשקשים]] (cs)	שריון קשקשים
[[:פיליפ השני]] (de)	פיליפ השני
[[:סופרפוזיציה]] (sk)	סופרפוזיציה
[[:צורת היקום]] (zh)	צורת היקום
[[:בדיחה פנימית]] (de sv)	בדיחה פנימית
[[:מונו]] (ja)	מונו
[[:סיריוס בלק]] (de en fi ka lt tr vi)	סיריוס בלק
[[:משקל (פיזיקה)]] (vi)	משקל (פיזיקה)
[[:פקעיות טעם]] (fr)	פקעיות טעם
[[:כוכב הגאולה]] (en)	כוכב הגאולה
[[:כל נדרי]] (it)	כל נדרי
[[:מונופילטיות]] (de)	מונופילטיות
[[:מיקום התנועות]] (en)	מיקום התנועות
[[:גובה תנועות]] (en)	גובה תנועות
[[:במול]] (fi)	במול
[[:מינאס טירית]] (de la)	מינאס טירית
[[:אוסגיליאת]] (de en la simple)	אוסגיליאת
[[:גיל-גאלאד]] (de pl)	גיל-גאלאד
[[:בני לילית (הארץ התיכונה)]] (de)	בני לילית (הארץ התיכונה)
[[:מוקש ימי]] (no)	מוקש ימי
[[:דאגור-נואין-גיליאת]] (fr)	דאגור-נואין-גיליאת
[[:דאגור אגלארב]] (fr)	דאגור אגלארב
[[:דאגור בראגולאך]] (fr)	דאגור בראגולאך
[[:הממלכה החתית הקדומה]] (en)	הממלכה החתית הקדומה
[[:סוורוס סנייפ]] (de)	סוורוס סנייפ
[[:אנטי-גלובליזציה]] (zh)	אנטי-גלובליזציה
[[:הארי פוטר והאסיר מאזקבאן (סרט)]] (ja)	הארי פוטר והאסיר מאזקבאן (סרט)
&rlm;[[:The Elder Scrolls: Morrowind]]&rlm; (de)	The Elder Scrolls: Morrowind
[[:שילוב (שר הטבעות)]] (de simple)	שילוב (שר הטבעות)
[[:הקרע המערבי]] (da)	הקרע המערבי
[[:השיתוף האנגליקני]] (cs)	השיתוף האנגליקני
[[:לוק סקייווקר]] (de)	לוק סקייווקר
[[:היקום במיתולוגיה הנורדית]] (el)	היקום במיתולוגיה הנורדית
[[:דמיון משולשים]] (en)	דמיון משולשים
[[:מחזור החיים של כוכב]] (fi)	מחזור החיים של כוכב
[[:יחס הפוך]] (en)	יחס הפוך
[[:אראגורן]] (de simple)	אראגורן
[[:תורת הגמול]] (en)	תורת הגמול
[[:לימוזינה]] (fr)	לימוזינה
&rlm;[[:R2-D2]]&rlm; (de)	R2-D2
[[:פאי (מאפה)]] (es)	פאי (מאפה)
[[:ג'ורג']] (sv)	ג'ורג'
[[:בית סטארק]] (en fr)	בית סטארק
[[:אלבום]] (de)	אלבום
[[:מחויאל]] (en)	מחויאל
[[:מתושאל]] (en)	מתושאל
[[:צלה]] (en)	צלה
[[:חמשת המונומנטים]] (fr)	חמשת המונומנטים
[[:עדה (דמות מקראית)]] (en)	עדה (דמות מקראית)
[[:מאורעות תל חי]] (en)	מאורעות תל חי
[[:זפירוס]] (en)	זפירוס
[[:אובי ואן קנובי]] (de)	אובי ואן קנובי
[[:דייב פרל]] (en)	דייב פרל
[[:יורוס]] (en es)	יורוס
[[:ג'יני ויזלי]] (cs de en fr vi)	ג'יני ויזלי
[[:החיים, היקום וכל השאר]] (pl)	החיים, היקום וכל השאר
[[:המהפכה הנאוליתית]] (sv)	המהפכה הנאוליתית
[[:התכנסות נקודתית]] (hu)	התכנסות נקודתית
[[:הארי פוטר וגביע האש (סרט)]] (ja)	הארי פוטר וגביע האש (סרט)
[[:בורומיר]] (de simple)	בורומיר
[[:ריבת חלב]] (ru uk)	ריבת חלב
[[:תלייה]] (simple)	תלייה
[[:מלחמת נומנטיה]] (it)	מלחמת נומנטיה
&rlm;[[:משבר מטוס הריגול U-2]]&rlm; (fi)	משבר מטוס הריגול U-2
[[:תוספות למגילת אסתר]] (en)	תוספות למגילת אסתר
[[:כנען (דמות מקראית)]] (ca)	כנען (דמות מקראית)
[[:הרחבה ספרבילית]] (de)	הרחבה ספרבילית
[[:ניאוף]] (nl)	ניאוף
[[:חוק פאראדיי]] (de)	חוק פאראדיי
[[:יהדות אינדונזיה]] (id)	יהדות אינדונזיה
[[:הבליץ]] (nl)	הבליץ
[[:פוליטיקה של תאילנד]] (bn)	פוליטיקה של תאילנד
[[:אזכרה]] (en)	אזכרה
&rlm;[[:בלוז 12 תיבות]]&rlm; (de)	בלוז 12 תיבות
[[:קיטיארה אות-מאטר]] (en)	קיטיארה אות-מאטר
[[:שער המאה]] (en)	שער המאה
[[:טירן (טנק)]] (en)	טירן (טנק)
[[:זעזוע מוח]] (fr)	זעזוע מוח
[[:חוק יובש]] (de)	חוק יובש
[[:ארנור]] (de)	ארנור
[[:תשחץ]] (fr)	תשחץ
[[:מיתוג מעגלים]] (it)	מיתוג מעגלים
&rlm;[[:גלוק 17]]&rlm; (en)	גלוק 17
[[:מסלול גאוסטציונרי]] (de)	מסלול גאוסטציונרי
[[:הארי פוטר ומסדר עוף החול (סרט)]] (ja)	הארי פוטר ומסדר עוף החול (סרט)
[[:קווסאקי (אופנועים)]] (fr)	קווסאקי (אופנועים)
[[:קואורדינטות כדוריות]] (fi it)	קואורדינטות כדוריות
[[:קואורדינטות גליליות]] (de fi ja ro)	קואורדינטות גליליות
[[:מורדור]] (de simple)	מורדור
[[:מינאס מורגול]] (de hu simple)	מינאס מורגול
[[:קרפדה מתפוצצת]] (en)	קרפדה מתפוצצת
[[:קופת חיסכון]] (da)	קופת חיסכון
[[:קריירה]] (ja)	קריירה
[[:כרטיס אדום]] (en es sl)	כרטיס אדום
[[:דחיסה מאבדת נתונים]] (fr)	דחיסה מאבדת נתונים
[[:יזכור]] (en)	יזכור
[[:שינה זעירה]] (sv)	שינה זעירה
[[:קרט (יחידת טוהר)]] (pl)	קרט (יחידת טוהר)
[[:טאוטולוגיה]] (hu)	טאוטולוגיה
[[:ברירה זוויגית]] (sv)	ברירה זוויגית
[[:דראקו מאלפוי]] (de)	דראקו מאלפוי
[[:משולש שווה-צלעות]] (pt)	משולש שווה-צלעות
[[:ספורט ברומא העתיקה]] (en)	ספורט ברומא העתיקה
[[:הזכות לפרטיות]] (sv)	הזכות לפרטיות
[[:רטיקולוציט]] (de)	רטיקולוציט
[[:בדיקות נסיגה]] (it)	בדיקות נסיגה
[[:רייסטלין מאז'ר]] (en)	רייסטלין מאז'ר
[[:ריבה]] (en)	ריבה
[[:פרוטוס]] (en fi sv)	פרוטוס
[[:טליתא קומי]] (en)	טליתא קומי
[[:זרג]] (en it ko sv)	זרג
[[:טראן]] (en ko sv)	טראן
[[:דגש חזק]] (ca en)	דגש חזק
[[:מצולע משוכלל]] (de)	מצולע משוכלל
[[:סית']] (de)	סית'
[[:אנדוציטוזה]] (de)	אנדוציטוזה
[[:מדיניות לשונית בישראל]] (bn)	מדיניות לשונית בישראל
[[:למידת הימנעות]] (en)	למידת הימנעות
[[:הארי פוטר וחדר הסודות (סרט)]] (ja)	הארי פוטר וחדר הסודות (סרט)
[[:ארוחת צהריים]] (fr)	ארוחת צהריים
[[:מות המחבר]] (es fr)	מות המחבר
[[:מעבר רפיח]] (en)	מעבר רפיח
[[:ניילון]] (de)	ניילון
[[:שבט זבולון]] (ca)	שבט זבולון
[[:אטלן]] (de)	אטלן
[[:באקה אל-גרבייה]] (de)	באקה אל-גרבייה
[[:סטרדיוואריוס]] (de)	סטרדיוואריוס
[[:פיק אפ (מוזיקה)]] (de)	פיק אפ (מוזיקה)
[[:מעגל קלווין]] (fi)	מעגל קלווין
&rlm;[[:Bootstrapping]]&rlm; (en)	Bootstrapping
[[:משפט שטיינר]] (fr)	משפט שטיינר
[[:הקוסם מארץ ים]] (sv)	הקוסם מארץ ים
[[:דוקטור זוידברג]] (cs)	דוקטור זוידברג
[[:רעף]] (en)	רעף
[[:בית לאניסטר]] (en)	בית לאניסטר
[[:רובאוס האגריד]] (de fr tr)	רובאוס האגריד
[[:תזת צ'רץ'-טיורינג]] (lt)	תזת צ'רץ'-טיורינג
[[:אלגוריתם גנטי]] (sv)	אלגוריתם גנטי
[[:אם]] (ca el eu fi fur gl hu la nn simple sl sv sw)	אם
[[:הגל השני של הפמיניזם]] (de)	הגל השני של הפמיניזם
[[:דה יורה]] (fr)	דה יורה
[[:תצפית משתתפת]] (pl)	תצפית משתתפת
[[:מדף (פירושונים)]] (de)	מדף (פירושונים)
[[:מטה אסקלפיוס]] (no)	מטה אסקלפיוס
[[:ערב חג המולד]] (da)	ערב חג המולד
[[:פאדמה אמידאלה]] (de)	פאדמה אמידאלה
[[:רומאג'י]] (de)	רומאג'י
[[:פיתיה]] (es)	פיתיה
[[:הארי פוטר והנסיך חצוי-הדם (סרט)]] (ja)	הארי פוטר והנסיך חצוי-הדם (סרט)
&rlm;[[:FXO]]&rlm; (en)	FXO
[[:אנרגיה שאובה]] (it)	אנרגיה שאובה
[[:מבצע בן נון א']] (en fr)	מבצע בן נון א'
[[:סטטלר ווולדורף]] (de)	סטטלר ווולדורף
&rlm;[[:FHSS]]&rlm; (ja)	FHSS
[[:חסידות גורליץ]] (en)	חסידות גורליץ
[[:ארמון טרוקדרו הישן]] (en)	ארמון טרוקדרו הישן
[[:מצביע]] (sv)	מצביע
[[:מיהו יהודי]] (cs)	מיהו יהודי
&rlm;[[:סופר סמאש ברוס (N64)]]&rlm; (de)	סופר סמאש ברוס (N64)
[[:הפייטה הפלורנטינית]] (ja)	הפייטה הפלורנטינית
[[:ביטול פעיל]] (en)	ביטול פעיל
[[:איסטרי]] (pl)	איסטרי
[[:מיון הכנסה]] (no)	מיון הכנסה
[[:פלגיוקלז]] (de)	פלגיוקלז
[[:מיומנות (מבוכים ודרקונים)]] (en)	מיומנות (מבוכים ודרקונים)
[[:איבר יחידה]] (fa)	איבר יחידה
[[:סוויפס]] (en)	סוויפס
[[:ארץ לעולם לא]] (da de)	ארץ לעולם לא
[[:טינקרבל]] (da)	טינקרבל
[[:מארז תקליטורים]] (ru)	מארז תקליטורים
[[:הדרך לגיהנום רצופה כוונות טובות]] (de)	הדרך לגיהנום רצופה כוונות טובות
[[:כישרון (מבוכים ודרקונים)]] (en)	כישרון (מבוכים ודרקונים)
[[:הנילוס הלבן]] (de)	הנילוס הלבן
[[:מומנט כפיפה]] (ja)	מומנט כפיפה
[[:חוק בויל-מריוט]] (de)	חוק בויל-מריוט
[[:פונקציה פרימיטיבית רקורסיבית]] (uk)	פונקציה פרימיטיבית רקורסיבית
[[:לייזרדיסק]] (el)	לייזרדיסק
[[:היסטוריה של סינגפור]] (bn)	היסטוריה של סינגפור
[[:עקרון התחלופה]] (en)	עקרון התחלופה
[[:מיון בסיס]] (no)	מיון בסיס
[[:מרחב (מתמטיקה)]] (da es fr gl ko)	מרחב (מתמטיקה)
[[:קלע סער]] (hu)	קלע סער
[[:הכוח (מלחמת הכוכבים)]] (de)	הכוח (מלחמת הכוכבים)
[[:תפילת שחרית של שבת]] (en)	תפילת שחרית של שבת
[[:טור טיילור]] (pl)	טור טיילור
&rlm;[[:KSVCD]]&rlm; (en)	KSVCD
[[:דת' מטאל ברוטאלי]] (en)	דת' מטאל ברוטאלי
[[:איסילדור]] (de)	איסילדור
[[:משפט טרסקי]] (fr)	משפט טרסקי
[[:עינו של הגולם]] (ru)	עינו של הגולם
[[:בית הכנסת חסדאל]] (en)	בית הכנסת חסדאל
[[:נאו-ליברליזם]] (cs)	נאו-ליברליזם
[[:רוח צ'ינוק]] (ml)	רוח צ'ינוק
[[:אוסקר (רחוב סומסום)]] (de)	אוסקר (רחוב סומסום)
[[:אפקט מהרישי]] (en)	אפקט מהרישי
[[:כוראה]] (de)	כוראה
[[:מרחב דואלי]] (pl)	מרחב דואלי
[[:מוצא הרומנים]] (de)	מוצא הרומנים
[[:יער צלב הקרס]] (de)	יער צלב הקרס
&rlm;[[:Songs of Faith and Devotion Live]]&rlm; (es)	Songs of Faith and Devotion Live
[[:משפט אזרחי]] (de)	משפט אזרחי
[[:דגל אולדרני]] (de)	דגל אולדרני
[[:אור-קוואן]] (en)	אור-קוואן
[[:כפית]] (de)	כפית
[[:מאנו]] (fr)	מאנו
[[:היסטוריה של המתמטיקה]] (as)	היסטוריה של המתמטיקה
[[:האסלאם השחור]] (en)	האסלאם השחור
[[:מזל]] (de)	מזל
[[:נומנור]] (de)	נומנור
[[:בית אוליפנט]] (en)	בית אוליפנט
[[:אדריכלות גותית]] (de)	אדריכלות גותית
[[:עצמאות ברזיל]] (it)	עצמאות ברזיל
[[:התריסריים]] (ur)	התריסריים
[[:שאהריאר]] (en)	שאהריאר
[[:גאוגרפיה של אירופה]] (ru)	גאוגרפיה של אירופה
[[:מלחמת הבלקן השנייה]] (nl)	מלחמת הבלקן השנייה
[[:פרננדו השני]] (de eo)	פרננדו השני
[[:מבצע מכבי]] (en fr)	מבצע מכבי
[[:הולופוינט]] (ja)	הולופוינט
[[:צמר גפן]] (en)	צמר גפן
[[:בית טארגאריין]] (en fr)	בית טארגאריין
[[:האן סולו]] (de)	האן סולו
&rlm;[[:הגבול של sin(x)/x]]&rlm; (de ru)	הגבול של sin(x)/x
[[:אמנות מוסלמית]] (tr)	אמנות מוסלמית
[[:מינרווה מקגונגל]] (ca cs da de en fr lt pl vi)	מינרווה מקגונגל
[[:בטון דרוך]] (fr sv)	בטון דרוך
[[:הכס הקדוש]] (hu)	הכס הקדוש
[[:שמש (סמל)]] (fr)	שמש (סמל)
&rlm;[[:Within a Deep Forest]]&rlm; (en)	Within a Deep Forest
[[:הפלה טבעית]] (it)	הפלה טבעית
[[:חוק הרחם החופשי]] (pt)	חוק הרחם החופשי
&rlm;[[:מגדלי YOO]]&rlm; (en)	מגדלי YOO
[[:הפרש (תורת הקבוצות)]] (en)	הפרש (תורת הקבוצות)
[[:חוג הגדי]] (de)	חוג הגדי
[[:חוג הסרטן]] (de)	חוג הסרטן
[[:סולן]] (de)	סולן
[[:הקצאת זיכרון דינמית]] (en)	הקצאת זיכרון דינמית
[[:מים אחרונים]] (en)	מים אחרונים
[[:מסילת כושר]] (fr)	מסילת כושר
&rlm;[[:Civilization IV]]&rlm; (de)	Civilization IV
[[:מעגל מור]] (en)	מעגל מור
[[:דיאגרמת עוגה]] (ru)	דיאגרמת עוגה
[[:מאמצים ראשיים]] (en)	מאמצים ראשיים
[[:כלכלת ברזיל]] (de)	כלכלת ברזיל
[[:ארמון הלטראנו]] (de)	ארמון הלטראנו
[[:רכבת הצ'ו צ'ו של היימליך]] (en)	רכבת הצ'ו צ'ו של היימליך
[[:אדריכלות יוון העתיקה]] (fr)	אדריכלות יוון העתיקה
[[:מרכז המבצעים הנשיאותי לשעת חירום]] (sv)	מרכז המבצעים הנשיאותי לשעת חירום
[[:פוליטיקה של בוסניה והרצגובינה]] (bn)	פוליטיקה של בוסניה והרצגובינה
[[:ממלכת הוואי]] (pt)	ממלכת הוואי
[[:מופסה]] (en)	מופסה
[[:גלדריאל]] (de)	גלדריאל
[[:ולינור]] (pl)	ולינור
[[:דרך בורמה (ישראל)]] (fr)	דרך בורמה (ישראל)
&rlm;[[:מדד תל אביב 75]]&rlm; (en)	מדד תל אביב 75
[[:הסילמריליון - דמויות משנה]] (de pl)	הסילמריליון - דמויות משנה
[[:הרמס קונרד]] (cs)	הרמס קונרד
[[:מגדל פיקוח]] (en)	מגדל פיקוח
[[:גז עצבים]] (sv)	גז עצבים
[[:משולם בן קלונימוס]] (en)	משולם בן קלונימוס
[[:סיבית זוגיות]] (fr)	סיבית זוגיות
[[:גאוגרפיה של הודו]] (de)	גאוגרפיה של הודו
[[:צדק חברתי]] (ru)	צדק חברתי
[[:תג יחידה]] (en)	תג יחידה
[[:אצבע משולשת]] (pt)	אצבע משולשת
[[:אקוומרין]] (en)	אקוומרין
[[:מעבר לשיטה המטרית]] (de)	מעבר לשיטה המטרית
[[:היסטוריה של אוסטריה]] (bn)	היסטוריה של אוסטריה
[[:תאונת אי שלושת המילין]] (de)	תאונת אי שלושת המילין
[[:פיקלהאובה]] (fi)	פיקלהאובה
[[:אירידיום (מיזם תקשורת לוויינית)]] (ja)	אירידיום (מיזם תקשורת לוויינית)
[[:מאון]] (de es ru)	מאון
[[:חור שחור על-מסיבי]] (tr)	חור שחור על-מסיבי
&rlm;[[:איירבוס A320]]&rlm; (it)	איירבוס A320
&rlm;[[:Grand Theft Auto 2]]&rlm; (de)	Grand Theft Auto 2
[[:מדד סימפסון]] (en)	מדד סימפסון
[[:מדד שאנון-ויבר]] (en)	מדד שאנון-ויבר
[[:גבול של פונקציה]] (nl)	גבול של פונקציה
[[:מודל דלטון]] (de)	מודל דלטון
[[:שער המוגרבים]] (en)	שער המוגרבים
[[:מיישר חצי גל]] (en)	מיישר חצי גל
[[:בית המקדש השני]] (es)	בית המקדש השני
[[:מקדש הורדוס]] (en)	מקדש הורדוס
[[:מבצע יורם]] (en fr)	מבצע יורם
[[:האנטילים הקטנים]] (mr)	האנטילים הקטנים
[[:האנטילים הגדולים]] (mr)	האנטילים הגדולים
[[:דרבי (טיל)]] (en)	דרבי (טיל)
[[:תיירות בישראל]] (bn)	תיירות בישראל
[[:פוליטיקה של לבנון]] (bn)	פוליטיקה של לבנון
[[:מיני מאוס]] (de)	מיני מאוס
[[:גרף מקרי]] (nl)	גרף מקרי
[[:קלרבל הפרה]] (de)	קלרבל הפרה
[[:גליצריד]] (ja)	גליצריד
[[:פלוסנבירג]] (fr pt)	פלוסנבירג
[[:מדינות לפי שם]] (sv)	מדינות לפי שם
[[:תחש (תנ"ך)]] (en)	תחש (תנ"ך)
[[:הנדסת הסביבה]] (ru)	הנדסת הסביבה
[[:בעיטה חופשית]] (ru)	בעיטה חופשית
[[:בריכת שחייה אולימפית]] (de)	בריכת שחייה אולימפית
[[:ג'אטי]] (de)	ג'אטי
[[:דייזי דאק]] (de)	דייזי דאק
[[:בית קאראדייל]] (en)	בית קאראדייל
[[:טרנספט]] (de)	טרנספט
[[:הישגים מיוחדים בכדורסל]] (de en)	הישגים מיוחדים בכדורסל
[[:אילובטר]] (de)	אילובטר
[[:מבצע בן נון ב']] (en fr)	מבצע בן נון ב'
[[:היסטוריה של רומניה]] (id)	היסטוריה של רומניה
[[:שרדר (צבי הנינג'ה)]] (pt)	שרדר (צבי הנינג'ה)
[[:קידוד לגסי]] (en)	קידוד לגסי
[[:ארפג'ו]] (it)	ארפג'ו
[[:פיל לבן]] (de)	פיל לבן
[[:עבודה הפרדתית]] (en)	עבודה הפרדתית
[[:כרטיס צהוב]] (en sl)	כרטיס צהוב
[[:משפחת הרצל]] (en)	משפחת הרצל
[[:תא דופן בקיבה]] (de)	תא דופן בקיבה
&rlm;[[:General Packet Radio Service]]&rlm; (ja)	General Packet Radio Service
[[:פוליטיקה של קטאר]] (bn)	פוליטיקה של קטאר
[[:מוטגן]] (it)	מוטגן
[[:גאוגרפיה של לבנון]] (bn)	גאוגרפיה של לבנון
[[:מקור השם "גאורגיה"]] (et it)	מקור השם "גאורגיה"
[[:האורקל מדלפי]] (fr)	האורקל מדלפי
[[:פוליטיקה של קוריאה הצפונית]] (bn)	פוליטיקה של קוריאה הצפונית
[[:הטאירה]] (fr)	הטאירה
[[:אדם בתוך עצמו]] (en)	אדם בתוך עצמו
&rlm;[[:וימפל K-13]]&rlm; (fr)	וימפל K-13
[[:סיטיזנדיום]] (de)	סיטיזנדיום
&rlm;[[:מגדלי התאומים 2]]&rlm; (sv)	מגדלי התאומים 2
[[:יום חיל הים]] (en)	יום חיל הים
[[:משפחה (פירושונים)]] (no)	משפחה (פירושונים)
[[:פארודוס]] (fr)	פארודוס
[[:רלטיביזם מוסרי]] (de)	רלטיביזם מוסרי
[[:בסיס לואיס]] (en)	בסיס לואיס
[[:אוסמוזה הפוכה]] (es)	אוסמוזה הפוכה
[[:חוק גה-ליסאק]] (de)	חוק גה-ליסאק
[[:מוטציה שקטה]] (de)	מוטציה שקטה
[[:ארוחת בוקר בטיפאני (סרט)]] (ja)	ארוחת בוקר בטיפאני (סרט)
[[:דפיברילטור]] (en)	דפיברילטור
[[:חוק שארל]] (de)	חוק שארל
[[:בלאקנד דת' מטאל]] (en it)	בלאקנד דת' מטאל
[[:כלכלת גרמניה המזרחית]] (de)	כלכלת גרמניה המזרחית
&rlm;[[:MicroSD]]&rlm; (uk)	MicroSD
[[:דגל גרמניה המזרחית]] (en)	דגל גרמניה המזרחית
[[:מניסקוס]] (pl)	מניסקוס
[[:קרמיט הצפרדע]] (de)	קרמיט הצפרדע
[[:ארוון]] (de)	ארוון
[[:גלגל הריחות]] (en)	גלגל הריחות
[[:תעודת מעבר]] (en)	תעודת מעבר
&rlm;[[:Wavelength-Division Multiplexing]]&rlm; (de)	Wavelength-Division Multiplexing
[[:אינדקס (מתמטיקה)]] (en ru)	אינדקס (מתמטיקה)
[[:מתאם פירסון]] (ru)	מתאם פירסון
[[:תיקון קורווין]] (de)	תיקון קורווין
[[:צלווח נתונים]] (de)	צלווח נתונים
[[:שיטת ברינל]] (de)	שיטת ברינל
[[:חלוקת הודו]] (it)	חלוקת הודו
[[:קוטר עלסופי]] (en)	קוטר עלסופי
[[:פיט (דמות)]] (de)	פיט (דמות)
[[:טרנסלוקציה רוברטסונית]] (de)	טרנסלוקציה רוברטסונית
[[:אורך פלאנק]] (de)	אורך פלאנק
[[:מאזן בוחן]] (de)	מאזן בוחן
[[:נקטרינה]] (en)	נקטרינה
[[:קשת מונגולית]] (pt)	קשת מונגולית
[[:סמל האיחוד האפריקאי]] (fi)	סמל האיחוד האפריקאי
[[:הומניזם חילוני]] (de)	הומניזם חילוני
[[:צפיפות מטען]] (es)	צפיפות מטען
[[:פרוגרסיב טראנס]] (en)	פרוגרסיב טראנס
[[:גולדסטאר]] (en)	גולדסטאר
[[:המושבה הגרמנית (חיפה)]] (de)	המושבה הגרמנית (חיפה)
[[:טנזור התמד]] (en)	טנזור התמד
[[:פוליטיקה של הממלכה המאוחדת]] (sv)	פוליטיקה של הממלכה המאוחדת
[[:הכתם האדום הגדול]] (en)	הכתם האדום הגדול
[[:ולינגטון (חבל)]] (mi)	ולינגטון (חבל)
[[:לורדים רוחניים]] (de)	לורדים רוחניים
[[:מעגל העוני]] (de)	מעגל העוני
&rlm;[[:Dangerous]]&rlm; (it)	Dangerous
[[:ערך ניבוי חיובי]] (de)	ערך ניבוי חיובי
[[:אריק ובנץ]] (de)	אריק ובנץ
[[:קופסה שחורה (פסיכולוגיה)]] (fr)	קופסה שחורה (פסיכולוגיה)
[[:גאוגרפיה של אוסטריה]] (bn)	גאוגרפיה של אוסטריה
[[:ריף (מוזיקה)]] (en)	ריף (מוזיקה)
[[:מערכת מודל]] (it)	מערכת מודל
&rlm;[[:דירוג החברות של כתב העת Fortune]]&rlm; (ru)	דירוג החברות של כתב העת Fortune
[[:אסון קפרון]] (cs)	אסון קפרון
[[:פאנגירל]] (en)	פאנגירל
[[:נזיר (נצרות)]] (de)	נזיר (נצרות)
[[:דמוגרפיה של תוניסיה]] (pt)	דמוגרפיה של תוניסיה
&rlm;[[:Game Boy Advance]]&rlm; (hu)	Game Boy Advance
[[:סאייו]] (fi)	סאייו
[[:אנודת הקרבה]] (de)	אנודת הקרבה
[[:מדפסת סיכות]] (fr)	מדפסת סיכות
[[:איבר (מתמטיקה)]] (ru)	איבר (מתמטיקה)
&rlm;[[:פחמן-11]]&rlm; (en)	פחמן-11
[[:גאוגרפיה של ערב הסעודית]] (bn)	גאוגרפיה של ערב הסעודית
&rlm;[[:Master of Orion II]]&rlm; (de)	Master of Orion II
&rlm;[[:F/A-18 סופר הורנט]]&rlm; (de fr)	F/A-18 סופר הורנט
[[:דיסק חיתוך]] (it)	דיסק חיתוך
[[:באטרס סטוץ']] (da)	באטרס סטוץ'
[[:מנעול צירופים]] (de)	מנעול צירופים
[[:ביצה עלומה]] (it)	ביצה עלומה
[[:אנרכיזם ודת]] (fi)	אנרכיזם ודת
[[:חיל האוויר המצרי]] (hu)	חיל האוויר המצרי
[[:שיטה מקובצת]] (en)	שיטה מקובצת
[[:מברשת]] (en)	מברשת
[[:ארוחת בוקר קונטיננטלית]] (en)	ארוחת בוקר קונטיננטלית
[[:נוסחת לוטשי העדשות]] (en)	נוסחת לוטשי העדשות
[[:התנגשות אלסטית]] (ru)	התנגשות אלסטית
[[:שמנת חמוצה]] (de)	שמנת חמוצה
[[:מצה בריי]] (de)	מצה בריי
[[:רוטב אספניול]] (de)	רוטב אספניול
[[:טבעת נישואין]] (de nl)	טבעת נישואין
[[:מנהגי אבלות בימי ספירת העומר]] (en)	מנהגי אבלות בימי ספירת העומר
[[:דיאלקט קונטינואום]] (it)	דיאלקט קונטינואום
[[:אוסטרוגותים]] (de)	אוסטרוגותים
[[:חגים ניידים (נצרות)]] (de)	חגים ניידים (נצרות)
[[:מכחול]] (en)	מכחול
[[:אבר מן החי]] (en)	אבר מן החי
[[:המצור בוואקו]] (de)	המצור בוואקו
[[:קטגוריה:ויקיפדיה - משתמש - שירות צבאי]] (en)	ויקיפדיה - משתמש - שירות צבאי
[[:תריסר של אופים]] (en)	תריסר של אופים
[[:על היהודים ושקריהם]] (de)	על היהודים ושקריהם
[[:הפלך]] (de lb)	הפלך
[[:רוב מיוחס]] (de)	רוב מיוחס
[[:בנימין (פירושונים)]] (sv)	בנימין (פירושונים)
[[:שירה אוגריתית]] (en)	שירה אוגריתית
[[:מתמיר]] (fr)	מתמיר
[[:רוז קוורץ]] (en)	רוז קוורץ
[[:זמן אחזור]] (el)	זמן אחזור
&rlm;[[:אירוויזיון 2008]]&rlm; (ga)	אירוויזיון 2008
[[:דיפלודוקוס הלורום]] (en es)	דיפלודוקוס הלורום
[[:מגי סימפסון]] (de ja)	מגי סימפסון
[[:הפארק הסולארי ואלדפולנץ]] (de)	הפארק הסולארי ואלדפולנץ
[[:שן טוחנת]] (eo)	שן טוחנת
&rlm;[[:ISO 216]]&rlm; (pl)	ISO 216
[[:שוש (ממתק)]] (de)	שוש (ממתק)
&rlm;[[:Nobody's Home]]&rlm; (lt)	Nobody's Home
[[:ארוחה]] (nl)	ארוחה
[[:היסטוריה של הרפובליקה המרכז-אפריקאית]] (pt)	היסטוריה של הרפובליקה המרכז-אפריקאית
[[:גיילטאכט]] (gl)	גיילטאכט
[[:היסטוריה של אוקראינה: אוקראינה העצמאית]] (en)	היסטוריה של אוקראינה: אוקראינה העצמאית
[[:סאק]] (sv)	סאק
[[:בין האולם ולמזבח]] (yi)	בין האולם ולמזבח
[[:דרך יריחו]] (en)	דרך יריחו
[[:רדיקל של מספר שלם]] (de)	רדיקל של מספר שלם
[[:יהדות ספרד (העידן המודרני)]] (en)	יהדות ספרד (העידן המודרני)
[[:המערכה במזרח התיכון במלחמת העולם השנייה]] (en)	המערכה במזרח התיכון במלחמת העולם השנייה
[[:כלכלת בלארוס]] (bn)	כלכלת בלארוס
[[:סינוס (טריגונומטריה)]] (no)	סינוס (טריגונומטריה)
[[:פרנקים (כינוי)]] (en)	פרנקים (כינוי)
[[:פוליטיקה של איראן]] (bn)	פוליטיקה של איראן
[[:פסיכרומטר]] (en fr)	פסיכרומטר
[[:חמאסטן]] (de)	חמאסטן
[[:האימפריה הבולגרית]] (pt)	האימפריה הבולגרית
[[:מקדמיה]] (ja)	מקדמיה
[[:היסטוריה של קריית הוותיקן]] (en)	היסטוריה של קריית הוותיקן
[[:חבית נפט]] (en)	חבית נפט
[[:תחיליות במערכת היחידות הבינלאומית]] (fi)	תחיליות במערכת היחידות הבינלאומית
[[:אגסילאוס]] (de)	אגסילאוס
[[:בטלסטאר גלקטיקה]] (ru)	בטלסטאר גלקטיקה
[[:היסטוריה של בוסניה והרצגובינה]] (be-x-old bg da el fi gl hu id it ja sk sw zh)	היסטוריה של בוסניה והרצגובינה
[[:שבעת פלאי תבל החדשים]] (de)	שבעת פלאי תבל החדשים
[[:סיטרין]] (en)	סיטרין
[[:מתקף]] (de sv)	מתקף
[[:מסע הצלב האלביגנזי]] (eo)	מסע הצלב האלביגנזי
[[:קטמונים]] (en)	קטמונים
[[:הברית הקדושה]] (it)	הברית הקדושה
[[:מיון ערימה]] (no)	מיון ערימה
&rlm;[[:Because Of You (קלי קלרקסון)]]&rlm; (de)	Because Of You (קלי קלרקסון)
[[:אפקט אוז'ה]] (de)	אפקט אוז'ה
[[:האקרופוליס באתונה]] (lt)	האקרופוליס באתונה
[[:זכות קדימה]] (de)	זכות קדימה
[[:הדוויג]] (tr)	הדוויג
[[:מסובבי הכתף]] (de)	מסובבי הכתף
[[:קציץ בשר]] (it)	קציץ בשר
[[:היסטוריה של בולגריה]] (af ast be-x-old br bs el gl li sh wa)	היסטוריה של בולגריה
[[:הקדמה לשייקספיר]] (en)	הקדמה לשייקספיר
&rlm;[[:The Jimi Hendrix Experience]]&rlm; (de)	The Jimi Hendrix Experience
[[:תאוות בצע]] (nl)	תאוות בצע
[[:מחסום הקול]] (de)	מחסום הקול
[[:מלחמת הבלקן הראשונה]] (nl)	מלחמת הבלקן הראשונה
[[:מודול נותרי]] (de)	מודול נותרי
[[:הגל השלישי של הפמיניזם]] (de)	הגל השלישי של הפמיניזם
[[:קטגוריה:ויקיפדיה - משתמש - כלי נגינה]] (en)	ויקיפדיה - משתמש - כלי נגינה
[[:קטגוריה:ויקיפדיה - משתמש - תואר אקדמי]] (en)	ויקיפדיה - משתמש - תואר אקדמי
[[:קטגוריה:ויקיפדיה - משתמש - מוסד לימודים]] (en)	ויקיפדיה - משתמש - מוסד לימודים
[[:נות]] (ca)	נות
[[:קטגוריה:ויקיפדיה - משתמש - משחקי שולחן]] (en)	ויקיפדיה - משתמש - משחקי שולחן
[[:לורד]] (fr)	לורד
[[:חנדלה]] (ca de en es fr)	חנדלה
[[:פרוטאוריזם]] (sv)	פרוטאוריזם
[[:גרונטופיליה]] (sv)	גרונטופיליה
[[:עובד]] (en)	עובד
[[:נד פלנדרז]] (de pl)	נד פלנדרז
[[:מיון יציב]] (en)	מיון יציב
[[:חוקי התורשה של מנדל]] (it)	חוקי התורשה של מנדל
[[:מונטגומרי ברנז]] (de pl)	מונטגומרי ברנז
[[:קוי]] (ja)	קוי
[[:באז'ה]] (en)	באז'ה
[[:המדינה העמוקה]] (fr)	המדינה העמוקה
[[:מטריצה ריבועית]] (en)	מטריצה ריבועית
[[:היסטוריה של קוריאה]] (de)	היסטוריה של קוריאה
&rlm;[[:WCW]]&rlm; (el)	WCW
[[:שער גן העדן]] (eu)	שער גן העדן
[[:גיאורגי הראשון]] (de)	גיאורגי הראשון
[[:גיאורגי השני]] (de)	גיאורגי השני
[[:קיסר הודו]] (pl)	קיסר הודו
[[:אזור סחר חופשי]] (vi)	אזור סחר חופשי
[[:יתירות]] (pl)	יתירות
[[:אנדרטת ברטולומיאו קוליאוני]] (en)	אנדרטת ברטולומיאו קוליאוני
[[:פחד ראשוני]] (ja)	פחד ראשוני
[[:מלך ממלכת אימרתי]] (en)	מלך ממלכת אימרתי
[[:משמרת יהויריב]] (en)	משמרת יהויריב
[[:עיבוד מזון]] (de)	עיבוד מזון
&rlm;[[:و]]&rlm; (en)	و
[[:תפנות]] (ca)	תפנות
[[:נים (משחק)]] (cs)	נים (משחק)
[[:גאוגרפיה של גאורגיה]] (bn)	גאוגרפיה של גאורגיה
[[:תקרת הקפלה הסיסטינית]] (de)	תקרת הקפלה הסיסטינית
[[:יחידה ליתוסטרטיגרפית]] (en)	יחידה ליתוסטרטיגרפית
[[:היסטוריה של האיטי]] (nl)	היסטוריה של האיטי
[[:ערך תצפית (תורת הקוונטים)]] (de)	ערך תצפית (תורת הקוונטים)
[[:דג בבל]] (cs en)	דג בבל
[[:כרובי]] (de)	כרובי
[[:בובת וודו]] (en)	בובת וודו
[[:נוסחת אוילר]] (ca en fr ru)	נוסחת אוילר
[[:אינטגרל רב-ממדי]] (de)	אינטגרל רב-ממדי
[[:הדרן]] (it)	הדרן
[[:חבטת גב יד]] (simple)	חבטת גב יד
&rlm;[[:ر]]&rlm; (en)	ر
[[:בלדווין השני]] (de)	בלדווין השני
[[:שרשרת (מתמטיקה)]] (en)	שרשרת (מתמטיקה)
[[:על אודות האדריכלות]] (de)	על אודות האדריכלות
&rlm;[[:ي]]&rlm; (en)	ي
[[:אתונו של בלעם]] (en)	אתונו של בלעם
[[:קידוד וידאו]] (en)	קידוד וידאו
[[:קידוד אודיו]] (en)	קידוד אודיו
[[:משק המים בגוף האדם]] (de)	משק המים בגוף האדם
[[:בירה מכבי]] (en)	בירה מכבי
[[:מפתח זר]] (de no)	מפתח זר
&rlm;[[:השביתה הכללית בברצלונה (1919)]]&rlm; (en)	השביתה הכללית בברצלונה (1919)
[[:כלכלת קפריסין]] (bn)	כלכלת קפריסין
[[:צבא האימפריה העות'מאנית]] (sv)	צבא האימפריה העות'מאנית
[[:דותן]] (ru)	דותן
&rlm;[[:באגר 288]]&rlm; (ja)	באגר 288
[[:דירוג אג"ח]] (de)	דירוג אג"ח
[[:חוק אבוגדרו]] (it)	חוק אבוגדרו
[[:דבק עצמות]] (zh)	דבק עצמות
[[:אברציה כדורית]] (de)	אברציה כדורית
[[:חטיבת ביניים בישראל]] (de nl)	חטיבת ביניים בישראל
[[:סמל רובע וונדסוורת']] (en)	סמל רובע וונדסוורת'
[[:שבעת פלאי תבל של ימי הביניים]] (en)	שבעת פלאי תבל של ימי הביניים
[[:סמל רובע הארינגיי]] (en)	סמל רובע הארינגיי
[[:מחלף עלה תלתן]] (de)	מחלף עלה תלתן
[[:סלע פלוטוני]] (sv)	סלע פלוטוני
[[:פרנקפורט (פירושונים)]] (zh)	פרנקפורט (פירושונים)
&rlm;[[:כביש 9 (ירושלים)]]&rlm; (en)	כביש 9 (ירושלים)
[[:ארנסט סטאברו בלופלד]] (de)	ארנסט סטאברו בלופלד
[[:קילומטר אפס]] (ro)	קילומטר אפס
[[:שפה אנליטית]] (eo)	שפה אנליטית
[[:מודל מנעול-מפתח]] (en)	מודל מנעול-מפתח
[[:לוח צפחה]] (de)	לוח צפחה
[[:מילר (חברה)]] (de)	מילר (חברה)
[[:גרף עמודות]] (fr)	גרף עמודות
[[:עולם האצילות]] (ru)	עולם האצילות
&rlm;[[:אצטיל קואנזים A]]&rlm; (de)	אצטיל קואנזים A
[[:קוק (דלק)]] (it)	קוק (דלק)
[[:קונסול כבוד]] (en)	קונסול כבוד
[[:זוכי פרס ישראל]] (de)	זוכי פרס ישראל
[[:אדריכלות ממלוכית]] (en)	אדריכלות ממלוכית
[[:זמן עצמי]] (de)	זמן עצמי
[[:פורט נוקס]] (de)	פורט נוקס
[[:תהליך ברגיוס]] (de)	תהליך ברגיוס
[[:גב (אל)]] (ca)	גב (אל)
[[:ניקור מותני]] (ja)	ניקור מותני
[[:חבורת אוטומורפיזמים]] (en)	חבורת אוטומורפיזמים
[[:גדילן קוץ-רגל]] (en)	גדילן קוץ-רגל
[[:התנגשות פלסטית]] (ru)	התנגשות פלסטית
[[:סער בהיר-להב]] (en)	סער בהיר-להב
[[:רכבת נוסעים]] (en)	רכבת נוסעים
[[:מועצת העיר טביליסי]] (ka)	מועצת העיר טביליסי
&rlm;[[:QWERTY]]&rlm; (it)	QWERTY
[[:אלרונד]] (de simple)	אלרונד
[[:ספירת קלפים]] (de)	ספירת קלפים
[[:אינויאשה (דמות)]] (ca)	אינויאשה (דמות)
[[:שדה פיצול]] (de)	שדה פיצול
[[:ניפוץ]] (nl)	ניפוץ
[[:קשר אורגים כפול]] (en ja)	קשר אורגים כפול
[[:אפקט עין העש]] (en)	אפקט עין העש
[[:אינטרוספקציה]] (ja)	אינטרוספקציה
[[:מייקל מאיירס]] (de)	מייקל מאיירס
[[:עדולם]] (de)	עדולם
[[:קשור ופתור]] (en)	קשור ופתור
[[:פרוונות]] (en)	פרוונות
[[:ריוונדל]] (de lb)	ריוונדל
[[:חניית שם מתחם]] (fr)	חניית שם מתחם
[[:תוספת יוקר]] (en)	תוספת יוקר
[[:נייסא]] (en sv)	נייסא
[[:מורה מן החוץ]] (en)	מורה מן החוץ
[[:טלסקופ שובר-אור]] (ja)	טלסקופ שובר-אור
[[:מינרל (תזונה)]] (ca)	מינרל (תזונה)
[[:יהודית]] (fr)	יהודית
&rlm;[[:MPEG-2]]&rlm; (nl)	MPEG-2
[[:מעסיק]] (en)	מעסיק
[[:אהבת ה']] (de en)	אהבת ה'
[[:סחורה תמורת דם]] (en)	סחורה תמורת דם
[[:ספיר (אבן חן מקראית)]] (en ru)	ספיר (אבן חן מקראית)
[[:דגל הרם]] (de)	דגל הרם
[[:דגל סרק]] (de)	דגל סרק
[[:אזרחות כפולה]] (de)	אזרחות כפולה
[[:ארומנוס]] (en)	ארומנוס
[[:האמפיתיאטרון באל ג'ם]] (en)	האמפיתיאטרון באל ג'ם
&rlm;[[:ط]]&rlm; (en)	ط
[[:מערכת פאנו]] (hu)	מערכת פאנו
[[:ריתוך נקודות]] (de it)	ריתוך נקודות
[[:משא]] (th)	משא
[[:כוכב בורח]] (en)	כוכב בורח
[[:תוכנת צריבה]] (en)	תוכנת צריבה
[[:שו (אל)]] (ca)	שו (אל)
[[:טוחן]] (fr)	טוחן
[[:היסטוריה של מיאנמר]] (bn)	היסטוריה של מיאנמר
[[:אתגר מיליון הדולר להוכחת העל־טבעי]] (en)	אתגר מיליון הדולר להוכחת העל־טבעי
[[:חרטום בולבוסי]] (de)	חרטום בולבוסי
&rlm;[[:Ivalice Alliance]]&rlm; (en)	Ivalice Alliance
&rlm;[[:ف]]&rlm; (en)	ف
&rlm;[[:ق]]&rlm; (en)	ق
[[:מחולל מספרים אקראיים]] (de)	מחולל מספרים אקראיים
[[:חוק הדיפוזיה של פיק]] (de)	חוק הדיפוזיה של פיק
&rlm;[[:ل]]&rlm; (en)	ل
&rlm;[[:م]]&rlm; (en)	م
[[:הסנאט הקנדי]] (sv)	הסנאט הקנדי
[[:נחיתת חירום]] (de)	נחיתת חירום
[[:קרמה קטלנה]] (en)	קרמה קטלנה
[[:קדימה (מושבה)]] (en)	קדימה (מושבה)
[[:צורן (יישוב קהילתי)]] (en)	צורן (יישוב קהילתי)
[[:הערות אלבום]] (de)	הערות אלבום
[[:מרי מורסטן]] (en ru)	מרי מורסטן
[[:שף (סאות' פארק)]] (pl)	שף (סאות' פארק)
[[:סימון סלאש של פיינמן]] (de)	סימון סלאש של פיינמן
[[:שמירת היריון]] (sv)	שמירת היריון
[[:גראנד מאסטר (הוספיטלרים)]] (mt sr)	גראנד מאסטר (הוספיטלרים)
[[:מיני-סדרה]] (it)	מיני-סדרה
[[:קפריצ'ו]] (de)	קפריצ'ו
&rlm;[[:At]]&rlm; (hu)	At
&rlm;[[:An]]&rlm; (fr)	An
[[:פנולוגיה (קרימינולוגיה)]] (pl)	פנולוגיה (קרימינולוגיה)
&rlm;[[:Geo Eye 1]]&rlm; (fi)	Geo Eye 1
[[:שח כפול]] (de sv)	שח כפול
[[:אראסטס]] (en)	אראסטס
[[:טלסקופ דובסוני]] (nl)	טלסקופ דובסוני
[[:חמור הזהב]] (de)	חמור הזהב
[[:שברון (הרלדיקה)]] (en fr)	שברון (הרלדיקה)
[[:בית הכנסת הגדול של ולודבה]] (en)	בית הכנסת הגדול של ולודבה
[[:קבוע קפרקר]] (ja)	קבוע קפרקר
[[:פגז נפיץ פלסטי]] (pl)	פגז נפיץ פלסטי
&rlm;[[:CERA]]&rlm; (fr)	CERA
[[:הונאת פונזי]] (ru)	הונאת פונזי
[[:שעונית מרובעת]] (de)	שעונית מרובעת
[[:קו המשווה השמימי]] (de)	קו המשווה השמימי
[[:בול דמי דואר]] (de)	בול דמי דואר
[[:היפוציקלואיד]] (de nl)	היפוציקלואיד
[[:טרנס ופיליפ]] (en fi hu pl)	טרנס ופיליפ
[[:אבק כוכבים (סרט)]] (ja)	אבק כוכבים (סרט)
[[:פונקציית בסל]] (it)	פונקציית בסל
[[:אלישבע, אם יוחנן המטביל]] (gl)	אלישבע, אם יוחנן המטביל
[[:שבועת הרופאים]] (hu)	שבועת הרופאים
&rlm;[[:וב 3.0]]&rlm; (en)	וב 3.0
[[:גרף נרות יפניים]] (de)	גרף נרות יפניים
[[:שואת יהודי הונגריה]] (de en)	שואת יהודי הונגריה
&rlm;[[:ﺓ]]&rlm; (en)	ﺓ
[[:בשורות אפוקריפיות]] (de en)	בשורות אפוקריפיות
[[:פולמוס קיטוס]] (en)	פולמוס קיטוס
[[:מסלול עקלתון]] (fr)	מסלול עקלתון
[[:כדור סרק]] (nl)	כדור סרק
[[:המהפכה הכימית]] (sv)	המהפכה הכימית
[[:ניסוי רתרפורד]] (de)	ניסוי רתרפורד
[[:הנסיך הפרסי: חולות הזמן]] (de)	הנסיך הפרסי: חולות הזמן
[[:היפרגרף]] (de)	היפרגרף
[[:פוליטיקה של בלארוס]] (bn)	פוליטיקה של בלארוס
[[:ניבלר]] (ru)	ניבלר
[[:מחוזות בלארוס]] (ar)	מחוזות בלארוס
[[:פציעת מאמץ חוזרני]] (es)	פציעת מאמץ חוזרני
[[:סרבוסייק]] (en)	סרבוסייק
[[:קיף קרוקר]] (cs en ru)	קיף קרוקר
[[:שינל]] (de)	שינל
[[:היסטוריה של תימן]] (bn)	היסטוריה של תימן
[[:בריגנטיה]] (it)	בריגנטיה
[[:סירונה]] (ca)	סירונה
[[:מחוזות אלבניה]] (simple)	מחוזות אלבניה
[[:שארית סופרנובה]] (ja)	שארית סופרנובה
[[:שושלת האן המערבית]] (en)	שושלת האן המערבית
[[:נייטקרולר]] (de)	נייטקרולר
&rlm;[[:FPGA]]&rlm; (fr)	FPGA
[[:תאוריית שליטת השער בכאב]] (en)	תאוריית שליטת השער בכאב
[[:ביטוי משוכל]] (hu)	ביטוי משוכל
[[:דלקת סימפונות חריפה]] (fr)	דלקת סימפונות חריפה
[[:השעון האסטרונומי בשטרסבורג]] (de)	השעון האסטרונומי בשטרסבורג
[[:שושלת האן המזרחית]] (en)	שושלת האן המזרחית
[[:יהודי בלמונטה]] (pt)	יהודי בלמונטה
[[:ברק]] (sv)	ברק
[[:דלקת סימפונות כרונית]] (fr)	דלקת סימפונות כרונית
[[:אריתרופויזה]] (ru)	אריתרופויזה
[[:מחוזות נורבגיה]] (ru zh)	מחוזות נורבגיה
[[:וינדונוס]] (en)	וינדונוס
[[:נאזגול]] (de simple)	נאזגול
[[:חלוקת פולין]] (be)	חלוקת פולין
[[:לולאת הנלה]] (fr)	לולאת הנלה
[[:האבובית המרוחקת]] (fr)	האבובית המרוחקת
[[:נוימן]] (de)	נוימן
&rlm;[[:Received Pronunciation]]&rlm; (de)	Received Pronunciation
[[:מגדל מנהטן]] (en)	מגדל מנהטן
[[:טכנופוביה]] (de)	טכנופוביה
[[:קנו (עיר)]] (ha)	קנו (עיר)
[[:תגובה אלמנטרית]] (ja)	תגובה אלמנטרית
[[:משוואת קצב]] (cy)	משוואת קצב
[[:ארמית חדשה]] (es)	ארמית חדשה
[[:מחוזות בורונדי]] (hu)	מחוזות בורונדי
&rlm;[[:VLSI]]&rlm; (ru)	VLSI
[[:מחוזות מדגסקר]] (de)	מחוזות מדגסקר
[[:לות'לוריין]] (de la)	לות'לוריין
[[:נקע (הנדסה)]] (ar)	נקע (הנדסה)
[[:קונבולוציית דיריכלה]] (de)	קונבולוציית דיריכלה
[[:מחוזות סומליה]] (simple)	מחוזות סומליה
[[:סגנון גותי לוהב]] (fr ja)	סגנון גותי לוהב
[[:אמירויות איחוד האמירויות הערביות]] (en)	אמירויות איחוד האמירויות הערביות
[[:פלנקס (מערכת נשק)]] (sv)	פלנקס (מערכת נשק)
&rlm;[[:ﻯ]]&rlm; (en ja)	ﻯ
[[:תניס חצי-אלף]] (en)	תניס חצי-אלף
[[:סיווג ספקטרלי]] (ro)	סיווג ספקטרלי
&rlm;[[:XNOR לוגי]]&rlm; (es it)	XNOR לוגי
[[:אלגוריתם תזמון]] (ja)	אלגוריתם תזמון
[[:הנסיך הפרסי]] (de)	הנסיך הפרסי
[[:משחק קמור]] (en)	משחק קמור
[[:נטיית מסלול]] (ru)	נטיית מסלול
[[:יוליסס - מבנה הספר והעלילה]] (en)	יוליסס - מבנה הספר והעלילה
[[:תחרות מונופוליסטית]] (ja)	תחרות מונופוליסטית
[[:סמל סקסוניה התחתונה]] (de)	סמל סקסוניה התחתונה
[[:סיכת ביטחון]] (de)	סיכת ביטחון
[[:הדוקטור]] (de)	הדוקטור
[[:ספר חשבונות]] (de)	ספר חשבונות
[[:פרס סמי רוהר]] (en)	פרס סמי רוהר
[[:סבון משומן אדם במלחמת העולם השנייה]] (pl)	סבון משומן אדם במלחמת העולם השנייה
[[:מחוזות נאורו]] (en)	מחוזות נאורו
[[:מחוזות טונגה]] (ru)	מחוזות טונגה
[[:מחוזות סמואה]] (ru)	מחוזות סמואה
[[:ליבת יותרת הכליה]] (de)	ליבת יותרת הכליה
[[:הספרייה הלאומית המרכזית פירנצה]] (de)	הספרייה הלאומית המרכזית פירנצה
[[:מחוזות דומיניקה]] (ast de gl hu no)	מחוזות דומיניקה
[[:יוריי]] (uk)	יוריי
[[:מחוזות טרינידד וטובגו]] (de)	מחוזות טרינידד וטובגו
&rlm;[[:גביע אוקיאניה לאומות 2008]]&rlm; (pl)	גביע אוקיאניה לאומות 2008
[[:מגדל איילון]] (en)	מגדל איילון
[[:שיטת ויקרס]] (de)	שיטת ויקרס
[[:פוליטיקה של אוסטריה]] (bn)	פוליטיקה של אוסטריה
[[:מחוזות איי ברמודה]] (en)	מחוזות איי ברמודה
[[:טורנגה לילה]] (cs)	טורנגה לילה
[[:קטש]] (ca)	קטש
[[:האקדמיה המלכותית למוזיקה (פריז)]] (fr)	האקדמיה המלכותית למוזיקה (פריז)
[[:ערך בנזף]] (de)	ערך בנזף
&rlm;[[:Empire Earth III]]&rlm; (de)	Empire Earth III
&rlm;[[:If I Fell]]&rlm; (it)	If I Fell
[[:רמז לסקנדל]] (ja)	רמז לסקנדל
[[:הקבוע הסולרי]] (en)	הקבוע הסולרי
[[:אנטוניוס]] (id)	אנטוניוס
[[:קונגו הבלגית]] (de)	קונגו הבלגית
[[:אטום המימן]] (de)	אטום המימן
[[:דגל צלב בורגונדיה]] (de)	דגל צלב בורגונדיה
[[:אחרי החגים]] (en)	אחרי החגים
[[:מלון שפרד]] (en)	מלון שפרד
&rlm;[[:טיסה 19]]&rlm; (es)	טיסה 19
[[:קלרה קלאק]] (en)	קלרה קלאק
[[:גורם רזוס]] (nl)	גורם רזוס
[[:אל-קודס]] (pl)	אל-קודס
[[:מצרים העליונה]] (it)	מצרים העליונה
[[:מצרים התחתונה]] (it)	מצרים התחתונה
[[:בן (פירושונים)]] (fi)	בן (פירושונים)
[[:נערת בונד]] (de)	נערת בונד
&rlm;[[:Halo 3: ODST]]&rlm; (de)	Halo 3: ODST
[[:דחיית איבר]] (de)	דחיית איבר
[[:מצרים התיכונה]] (it)	מצרים התיכונה
[[:הסקה מרכזית]] (de)	הסקה מרכזית
&rlm;[[:RJ-11]]&rlm; (fi)	RJ-11
&rlm;[[:RJ-9]]&rlm; (en)	RJ-9
&rlm;[[:RJ-48]]&rlm; (en)	RJ-48
[[:ענן פטרייה]] (de)	ענן פטרייה
[[:ארמון טרם]] (de)	ארמון טרם
[[:חסם צרור הולכה ימני]] (fr)	חסם צרור הולכה ימני
[[:צארסקויה סלו]] (de fi)	צארסקויה סלו
[[:דפדוף (זיכרון)]] (fr)	דפדוף (זיכרון)
[[:הומו גאורגיקוס]] (en)	הומו גאורגיקוס
[[:אראגון (סרט)]] (ja)	אראגון (סרט)
[[:מקדם הספק]] (sv)	מקדם הספק
[[:למידת בריחה]] (en)	למידת בריחה
[[:מחילה (זואולוגיה)]] (de)	מחילה (זואולוגיה)
[[:אלפבית רוסי]] (de)	אלפבית רוסי
[[:מהירות פאזה]] (fr nl)	מהירות פאזה
[[:נוצת מצנפת]] (fr)	נוצת מצנפת
[[:מלכי מזרח אנגליה]] (de)	מלכי מזרח אנגליה
[[:קרב קאנאל דו נור]] (it)	קרב קאנאל דו נור
[[:ספוריה]] (en)	ספוריה
[[:מרשם רופא]] (de)	מרשם רופא
[[:אינטגרציה באמצעות החלפת משתנים]] (es)	אינטגרציה באמצעות החלפת משתנים
[[:בולשביזם]] (cs)	בולשביזם
[[:שווי משקל בייסיאני מושלם]] (en)	שווי משקל בייסיאני מושלם
[[:תא שלוש אלקטרודות]] (en)	תא שלוש אלקטרודות
[[:אלקטרה (נימפה)]] (ja)	אלקטרה (נימפה)
[[:רביע]] (en)	רביע
[[:מוקש נגד אדם]] (ja)	מוקש נגד אדם
[[:המאסטר (דוקטור הו)]] (de)	המאסטר (דוקטור הו)
[[:מבצע מושתראק]] (sv)	מבצע מושתראק
[[:איירלס]] (en)	איירלס
[[:מסנן זכוכית]] (en)	מסנן זכוכית
[[:פוליטיקה של אזרבייג'ן]] (bn)	פוליטיקה של אזרבייג'ן
[[:מרכך שיער]] (de)	מרכך שיער
[[:מרב בת שאול]] (en)	מרב בת שאול
[[:הובלה פעילה]] (de)	הובלה פעילה
[[:חוק הגנת החולה וטיפול בר השגה]] (no)	חוק הגנת החולה וטיפול בר השגה
[[:אלביון הצבועה]] (de)	אלביון הצבועה
[[:פיליפ השלישי]] (de eo)	פיליפ השלישי
[[:קשת סרליאנית]] (en)	קשת סרליאנית
[[:אלתרמן (פירושונים)]] (pt)	אלתרמן (פירושונים)
[[:בית הקברות הצבאי ברוקווד]] (en)	בית הקברות הצבאי ברוקווד
[[:צלילת במה]] (de)	צלילת במה
[[:צ'יף (הרלדיקה)]] (fr)	צ'יף (הרלדיקה)
[[:יום אבל לאומי]] (it)	יום אבל לאומי
[[:קת'ולהו]] (de)	קת'ולהו
[[:אדריכלות אשורית]] (fr)	אדריכלות אשורית
[[:זוג ז'ורדן]] (en)	זוג ז'ורדן
[[:בלקלאווה]] (fi)	בלקלאווה
[[:מייקרופט הולמס]] (de ru)	מייקרופט הולמס
[[:ממירי זרם ישר ממותגים]] (ja)	ממירי זרם ישר ממותגים
[[:שדה המספרים האלגבריים]] (en)	שדה המספרים האלגבריים
[[:נוצר סופית]] (fr)	נוצר סופית
[[:תאורת]] (ca)	תאורת
&rlm;[[:DRAM]]&rlm; (el)	DRAM
[[:מוליך למחצה מאולח]] (es)	מוליך למחצה מאולח
[[:הוצאות משפט]] (fr)	הוצאות משפט
[[:היסטוריה של קוריאה הדרומית]] (pt)	היסטוריה של קוריאה הדרומית
[[:כלכלת איראן]] (de)	כלכלת איראן
[[:שיטת גביע]] (ja)	שיטת גביע
[[:שלום קאטו-קמברזי]] (en)	שלום קאטו-קמברזי
[[:אסף אבידן והמוג'וס]] (en)	אסף אבידן והמוג'וס
[[:נקודת התלקחות]] (sv)	נקודת התלקחות
[[:רדיקל בראון-מקוי]] (en)	רדיקל בראון-מקוי
[[:פרדיננד השלישי]] (eo)	פרדיננד השלישי
[[:אדנואיד]] (it)	אדנואיד
[[:אריה על מיתר סול]] (de)	אריה על מיתר סול
[[:דלקת לבלב כרונית]] (de)	דלקת לבלב כרונית
[[:גרגשי]] (en)	גרגשי
[[:הארי פוטר ואוצרות המוות (סרט)]] (ja)	הארי פוטר ואוצרות המוות (סרט)
[[:סכום ספרות סופי]] (de)	סכום ספרות סופי
[[:שנהבי מגידו]] (en)	שנהבי מגידו
[[:מספר גרהאם]] (pl)	מספר גרהאם
[[:משוואות הקצב של איינשטיין]] (en)	משוואות הקצב של איינשטיין
[[:מניין השנים בלוח העברי]] (en)	מניין השנים בלוח העברי
[[:חוג פשוט למחצה]] (en ru)	חוג פשוט למחצה
[[:תסמונת פאזת השינה הדחויה]] (no)	תסמונת פאזת השינה הדחויה
[[:קרקס קרחוני]] (es)	קרקס קרחוני
[[:יובל (נהר)]] (ja)	יובל (נהר)
[[:הוועידה הימית בוושינגטון]] (de)	הוועידה הימית בוושינגטון
[[:פונקציית גיבוב קריפטוגרפית]] (pl)	פונקציית גיבוב קריפטוגרפית
[[:אלטשולר]] (ru)	אלטשולר
[[:נגירסו]] (fr)	נגירסו
[[:מיקרוסופט טיסה]] (de)	מיקרוסופט טיסה
[[:פרקולטור]] (de)	פרקולטור
[[:מעמד משווני]] (de)	מעמד משווני
[[:תוספות איוורא]] (en)	תוספות איוורא
[[:דמקה סינית]] (de)	דמקה סינית
[[:טיפוס נתונים מופשט]] (sv)	טיפוס נתונים מופשט
[[:עקרון רצף הפאונה]] (de)	עקרון רצף הפאונה
[[:ניו דלהי מטאלו-בטא-לקטמז]] (de)	ניו דלהי מטאלו-בטא-לקטמז
[[:החזר השקעה]] (sv)	החזר השקעה
[[:ישיבת שילה]] (en)	ישיבת שילה
[[:נאו-פשיזם]] (de)	נאו-פשיזם
[[:גרנולוציטופניה]] (en)	גרנולוציטופניה
&rlm;[[:Creepin on ah Come Up]]&rlm; (pt)	Creepin on ah Come Up
[[:תותח נגד טנקים]] (en)	תותח נגד טנקים
[[:מדד הרפינדל-הירשמן]] (it)	מדד הרפינדל-הירשמן
[[:מרוץ מדיסון]] (nl)	מרוץ מדיסון
[[:אגממנון (מחזה)]] (en)	אגממנון (מחזה)
[[:מחלת הכבד השומני שאינה נובעת מצריכת אלכוהול]] (zh)	מחלת הכבד השומני שאינה נובעת מצריכת אלכוהול
[[:מונטנגרו במלחמת העולם הראשונה]] (en)	מונטנגרו במלחמת העולם הראשונה
[[:קלייד]] (fi)	קלייד
[[:חפ"ק]] (en)	חפ"ק
&rlm;[[:אוורגרין 747 סופר-טנקר]]&rlm; (de)	אוורגרין 747 סופר-טנקר
[[:חטיפת מטוס קיש אייר]] (en)	חטיפת מטוס קיש אייר
[[:מוזיקה גרמנית]] (pt)	מוזיקה גרמנית
[[:נערה עם קעקוע דרקון]] (sv)	נערה עם קעקוע דרקון
[[:מקדם תקומה]] (de)	מקדם תקומה
[[:הנערה ששיחקה באש]] (sv)	הנערה ששיחקה באש
[[:הנערה שבעטה בקן הצרעות]] (sv)	הנערה שבעטה בקן הצרעות
[[:חוג הערכה]] (fr)	חוג הערכה
[[:מודל (טקסטיל)]] (de)	מודל (טקסטיל)
[[:תרבות גרמניה]] (de)	תרבות גרמניה
[[:בריסל (מחוז)]] (nn)	בריסל (מחוז)
[[:מדינה ריבונית]] (nn)	מדינה ריבונית
[[:קרב מתחם אורחה]] (en)	קרב מתחם אורחה
[[:חלוקה באפס]] (de)	חלוקה באפס
[[:איירין אדלר]] (ru)	איירין אדלר
[[:הכאה דרך הילוכו]] (pl)	הכאה דרך הילוכו
[[:אקולייזר פרמטרי]] (en)	אקולייזר פרמטרי
[[:הו]] (ca)	הו
[[:אתום]] (ca)	אתום
[[:טושה]] (sv)	טושה
[[:בינה מלאכותית חזקה]] (fr)	בינה מלאכותית חזקה
[[:צוקי סולסברי]] (en)	צוקי סולסברי
[[:דרגות הכוחות המזוינים של ברית המועצות]] (sv)	דרגות הכוחות המזוינים של ברית המועצות
[[:סימבה]] (simple)	סימבה
[[:הטלסקופ הגדול מאוד]] (de)	הטלסקופ הגדול מאוד
[[:חטיפת הנשים הסביניות]] (de)	חטיפת הנשים הסביניות
[[:איירבוס בלוגה]] (de)	איירבוס בלוגה
[[:גל כדורי]] (en)	גל כדורי
[[:היפנותרפיה]] (sv)	היפנותרפיה
[[:הינומה]] (en)	הינומה
[[:קשב חזותי]] (en)	קשב חזותי
[[:חבורת קווטרניונים מוכללת]] (en)	חבורת קווטרניונים מוכללת
[[:יצר המוות]] (fr)	יצר המוות
[[:כאב מתפרץ]] (en)	כאב מתפרץ
[[:אופק (פדולוגיה)]] (es)	אופק (פדולוגיה)
[[:לוח חכם]] (de)	לוח חכם
[[:דאלאמר ארג'נט]] (en)	דאלאמר ארג'נט
[[:משפט הפונקציה ההפוכה]] (de)	משפט הפונקציה ההפוכה
[[:פישון]] (de)	פישון
[[:קווי-גון ג'ין]] (de)	קווי-גון ג'ין
[[:ג'ון סטיוארט (פירושונים)]] (es)	ג'ון סטיוארט (פירושונים)
[[:הטופולוגיה הקו-סופית]] (en)	הטופולוגיה הקו-סופית
[[:תחיית ישו]] (nl)	תחיית ישו
&rlm;[[:Runaway]]&rlm; (fr)	Runaway
[[:שבבית]] (es)	שבבית
[[:סיף אל-ערב קדאפי]] (es)	סיף אל-ערב קדאפי
[[:ויקטור (סרט)]] (en)	ויקטור (סרט)
[[:לאורנה קנן]] (en)	לאורנה קנן
[[:סהר-פז]] (en)	סהר-פז
[[:שפיץ יפני]] (ja)	שפיץ יפני
[[:גובה קונצרט]] (uk)	גובה קונצרט
[[:נישואי קרובים]] (en)	נישואי קרובים
[[:הקרב בסלוקי]] (en)	הקרב בסלוקי
[[:מאם (פיוצ'רמה)]] (ru)	מאם (פיוצ'רמה)
[[:עקרון החיבור]] (fi)	עקרון החיבור
[[:גשמיות]] (en)	גשמיות
[[:שיר הפרטיזנים]] (ru)	שיר הפרטיזנים
[[:מי-נהר]] (en)	מי-נהר
[[:יום הפליטים הבינלאומי]] (de)	יום הפליטים הבינלאומי
[[:פאלין מאז'ר]] (en)	פאלין מאז'ר
[[:חלמיש כור-אש]] (en)	חלמיש כור-אש
[[:חתונת הנסיך ויליאם וקתרין מידלטון]] (simple)	חתונת הנסיך ויליאם וקתרין מידלטון
[[:הגנה (צורת קרב)]] (ja)	הגנה (צורת קרב)
[[:קולר נגד נביחות]] (en)	קולר נגד נביחות
&rlm;[[:ISO 3166-1]]&rlm; (sv)	ISO 3166-1
[[:אוכלוסיית העולם]] (id)	אוכלוסיית העולם
[[:ראש עיריית מוסקבה]] (en)	ראש עיריית מוסקבה
[[:מיץ ענבים]] (en)	מיץ ענבים
[[:הארקנה הקטנה]] (ko)	הארקנה הקטנה
[[:הרפתקה בפוסידון]] (ja)	הרפתקה בפוסידון
[[:המשמר הסקוטי]] (ja)	המשמר הסקוטי
&rlm;[[:פאלקון 4.0]]&rlm; (de)	פאלקון 4.0
[[:אדוני המערכת]] (en)	אדוני המערכת
[[:חגיגות (נוקטורן)]] (fr)	חגיגות (נוקטורן)
[[:שש דרגות של קווין בייקון]] (it)	שש דרגות של קווין בייקון
[[:צבא קבע]] (da)	צבא קבע
[[:חוף יוטה]] (ru)	חוף יוטה
[[:בליה ספרואידית]] (fr)	בליה ספרואידית
[[:באז שנות-אור]] (ko)	באז שנות-אור
&rlm;[[:פלאקפאנצר 4]]&rlm; (de fr)	פלאקפאנצר 4
[[:משפט רושה-קפלי]] (cs)	משפט רושה-קפלי
[[:קן נמלים]] (de)	קן נמלים
[[:דבק מגע]] (en)	דבק מגע
[[:החוק נגד השתתפות בחרם]] (en)	החוק נגד השתתפות בחרם
[[:גונזו (החבובות)]] (de)	גונזו (החבובות)
[[:הטבח השבדי]] (de)	הטבח השבדי
[[:חרוט געשי]] (it)	חרוט געשי
[[:אנחה]] (en)	אנחה
&rlm;[[:טיסה RA-42434 של יאקובלב סרוויס]]&rlm; (simple)	טיסה RA-42434 של יאקובלב סרוויס
[[:משפט זקנדורף]] (de)	משפט זקנדורף
&rlm;[[:Bourne Shell]]&rlm; (de)	Bourne Shell
[[:מרטיני]] (eo)	מרטיני
[[:מנהל אתחול]] (en)	מנהל אתחול
[[:כוס שוט]] (de)	כוס שוט
&rlm;[[:קיבוע פחמן במסלול C4]]&rlm; (fr)	קיבוע פחמן במסלול C4
[[:גאוגרפיה של אוגנדה]] (bn)	גאוגרפיה של אוגנדה
[[:נדוצרטופס]] (en)	נדוצרטופס
[[:פוליטיקה של אנדורה]] (bn)	פוליטיקה של אנדורה
[[:תוכנית מעבורות החלל]] (fi fr)	תוכנית מעבורות החלל
[[:בלקווד (ברידג')]] (ru)	בלקווד (ברידג')
[[:המהפכה המדעית]] (de)	המהפכה המדעית
[[:יין שאטונף-די-פאפ]] (de)	יין שאטונף-די-פאפ
[[:פנטומימה קורנת]] (fr)	פנטומימה קורנת
[[:מודול נאמן]] (en)	מודול נאמן
[[:רזולוציה חופשית]] (en)	רזולוציה חופשית
[[:בוז'ולה נובו]] (de)	בוז'ולה נובו
[[:יין סופר טוסקן]] (en)	יין סופר טוסקן
[[:המזכיר הכללי של המפלגה הקומוניסטית של ברית המועצות]] (no)	המזכיר הכללי של המפלגה הקומוניסטית של ברית המועצות
[[:יער נורווגי (סרט)]] (ja)	יער נורווגי (סרט)
[[:אימפריאליזם מודרני באפריקה]] (en)	אימפריאליזם מודרני באפריקה
[[:משפט פיוצ'רמה]] (en)	משפט פיוצ'רמה
[[:בית (ספר)]] (en)	בית (ספר)
[[:זנו]] (da)	זנו
[[:כדור מים (מתקן)]] (ru)	כדור מים (מתקן)
[[:פרופסור מוריארטי]] (ru)	פרופסור מוריארטי
[[:עמק המומינים]] (ja)	עמק המומינים
[[:משפחת המומינים - חורף קסום]] (ja)	משפחת המומינים - חורף קסום
[[:קבוצות שקולות]] (de)	קבוצות שקולות
[[:מרגוט פרנק]] (fi)	מרגוט פרנק
[[:ארטמיסיה, מלכת קאריה]] (en)	ארטמיסיה, מלכת קאריה
[[:רצח העם בקמבודיה]] (en)	רצח העם בקמבודיה
[[:מתקפת אפס ימים]] (de)	מתקפת אפס ימים
[[:הצתה (פשע)]] (fr)	הצתה (פשע)
[[:גרפותרפיה]] (en)	גרפותרפיה
[[:חלום בתוך חלום]] (de)	חלום בתוך חלום
[[:השוואת מחירים בלתי תלויים]] (en)	השוואת מחירים בלתי תלויים
[[:ברד הקשת]] (pl)	ברד הקשת
[[:שיתוף הוצאות]] (en)	שיתוף הוצאות
&rlm;[[:בלדה מס' 2 בפה מז'ור, אופוס 38]]&rlm; (en)	בלדה מס' 2 בפה מז'ור, אופוס 38
[[:מאזני פיתול]] (en)	מאזני פיתול
[[:פרדוקס מנון]] (en)	פרדוקס מנון
[[:פארק עולם המומינים]] (ja)	פארק עולם המומינים
[[:קובץ מניפסט]] (de)	קובץ מניפסט
[[:משפט האי-שלמות של צ'ייטין]] (en)	משפט האי-שלמות של צ'ייטין
[[:הקברים של אטואן]] (sv)	הקברים של אטואן
[[:משוררי מלחמת העולם הראשונה]] (en)	משוררי מלחמת העולם הראשונה
[[:הרכבת האווירית לברלין]] (en)	הרכבת האווירית לברלין
[[:אובדן הטרוזיגוטיות]] (de)	אובדן הטרוזיגוטיות
[[:מורפיאוס]] (id)	מורפיאוס
&rlm;[[:Desert Bus For Hope]]&rlm; (en)	Desert Bus For Hope
[[:מכלית גז טבעי נוזלי]] (de)	מכלית גז טבעי נוזלי
[[:עוצמתם של קשרים חלשים]] (en)	עוצמתם של קשרים חלשים
[[:רוח פן]] (cs)	רוח פן
[[:טראנס ווקאלי]] (de it)	טראנס ווקאלי
[[:ועידת שפרדסטאון]] (en)	ועידת שפרדסטאון
[[:סטארט החדש]] (de)	סטארט החדש
[[:השנים החסרות]] (yi)	השנים החסרות
[[:מקור שלישוני]] (de)	מקור שלישוני
[[:ממד פרויקטיבי]] (en)	ממד פרויקטיבי
[[:דיסקוגרפיה של פינק]] (sv)	דיסקוגרפיה של פינק
[[:ספוק]] (de)	ספוק
[[:ג'יימס טיבריוס קירק]] (de)	ג'יימס טיבריוס קירק
[[:וולקנים]] (de)	וולקנים
[[:זובונטו]] (de)	זובונטו
[[:הסמכה לכהונה]] (de)	הסמכה לכהונה
&rlm;[[:Civilization V]]&rlm; (de)	Civilization V
[[:כלכלת סאו טומה ופרינסיפה]] (ru)	כלכלת סאו טומה ופרינסיפה
&rlm;[[:In the End]]&rlm; (lt)	In the End
[[:כתובת (זיכרון מחשב)]] (el)	כתובת (זיכרון מחשב)
[[:פלטה (מגן)]] (en)	פלטה (מגן)
[[:סומלילנד הצרפתית]] (de)	סומלילנד הצרפתית
[[:הפצצה אסטרטגית]] (de)	הפצצה אסטרטגית
[[:לוחמה אווירית במלחמת העולם הראשונה]] (de)	לוחמה אווירית במלחמת העולם הראשונה
[[:הליופאוזה]] (en)	הליופאוזה
&rlm;[[:Grand Theft Auto: Episodes from Liberty City]]&rlm; (de)	Grand Theft Auto: Episodes from Liberty City
[[:שלדון קופר]] (de)	שלדון קופר
[[:סטואי גריפין]] (sv)	סטואי גריפין
[[:רפלקס בבקין]] (en)	רפלקס בבקין
[[:מספר פסאודו-ראשוני]] (nl)	מספר פסאודו-ראשוני
[[:איחוי]] (de)	איחוי
[[:קוראים לי סטיבן]] (en)	קוראים לי סטיבן
[[:הפרס הלאומי לספרים יהודיים]] (en)	הפרס הלאומי לספרים יהודיים
[[:סמולן (ברידג')]] (en)	סמולן (ברידג')
[[:מזופיל]] (en)	מזופיל
[[:קתדרלת טין]] (de)	קתדרלת טין
[[:קורינדו אייקידו]] (en)	קורינדו אייקידו
[[:אסטרטגית התנהגות]] (en)	אסטרטגית התנהגות
[[:שבלול (איבר)]] (nl)	שבלול (איבר)
[[:מולארד]] (pt)	מולארד
[[:חשיפה עצמית בטיפול]] (en)	חשיפה עצמית בטיפול
&rlm;[[:L3/35]]&rlm; (de)	L3/35
[[:כף]] (de)	כף
[[:קקורה קירישיטן]] (de es)	קקורה קירישיטן
[[:טייזר]] (pt)	טייזר
&rlm;[[:Piggies]]&rlm; (it)	Piggies
[[:אפו נהספימפטלון]] (de)	אפו נהספימפטלון
[[:בטא (מדד)]] (ja)	בטא (מדד)
[[:אח (בן משפחה)]] (es it)	אח (בן משפחה)
[[:התייעלות אנרגטית]] (es)	התייעלות אנרגטית
&rlm;[[:Counter-Strike Online]]&rlm; (ja)	Counter-Strike Online
&rlm;[[:Day of Defeat: Source]]&rlm; (de)	Day of Defeat: Source
[[:טקס הפתיחה של המשחקים האולימפיים]] (en)	טקס הפתיחה של המשחקים האולימפיים
[[:קנלה]] (de)	קנלה
[[:בני לוריאן - דמויות]] (it)	בני לוריאן - דמויות
[[:בלון מים]] (ja)	בלון מים
[[:אנוקט]] (ca)	אנוקט
[[:קרדאסים]] (de)	קרדאסים
[[:הדומיניון]] (de)	הדומיניון
[[:פונקציית הישרדות]] (fr)	פונקציית הישרדות
[[:תינגול]] (de pl)	תינגול
[[:גילדור]] (es pl)	גילדור
[[:פינרוד]] (pl)	פינרוד
[[:טבעות נפטון]] (nl)	טבעות נפטון
[[:כריס גריפין]] (sv)	כריס גריפין
[[:נחבת]] (ca)	נחבת
[[:אופיום להמונים]] (fr)	אופיום להמונים
[[:קיטבג]] (de)	קיטבג
[[:המרידות באוטו הראשון]] (en)	המרידות באוטו הראשון
&rlm;[[:רנו פלואנס Z.E]]&rlm; (fr)	רנו פלואנס Z.E
[[:אדד-ניררי הראשון]] (sv)	אדד-ניררי הראשון
[[:רצף הקיו]] (ca)	רצף הקיו
[[:סכין יפנית]] (en)	סכין יפנית
[[:הקידמה האמריקאית]] (de)	הקידמה האמריקאית
[[:תקרית יער רנדלשם]] (de)	תקרית יער רנדלשם
[[:הבית של אף אחד]] (en)	הבית של אף אחד
[[:מסך (תיאטרון)]] (de fr)	מסך (תיאטרון)
[[:תוכנית אנקונדה]] (zh)	תוכנית אנקונדה
[[:אדמירל (הצי המלכותי הבריטי)]] (it)	אדמירל (הצי המלכותי הבריטי)
[[:לוגיקה מסדר שני]] (fr)	לוגיקה מסדר שני
&rlm;[[:סאליוט 3]]&rlm; (de)	סאליוט 3
[[:אקסיומת קבוצת החזקה]] (de)	אקסיומת קבוצת החזקה
[[:אקסיומת האיחוד]] (de)	אקסיומת האיחוד
[[:רומולאנים]] (de sv)	רומולאנים
[[:בית בן יהודה]] (en)	בית בן יהודה
[[:בית באראתיאון]] (de en)	בית באראתיאון
[[:מיילס או'בריאן]] (de)	מיילס או'בריאן
[[:וואדג'ת]] (ca)	וואדג'ת
[[:פרמיר]] (de simple)	פרמיר
[[:קיו (מסע בין כוכבים)]] (de)	קיו (מסע בין כוכבים)
[[:וין אדאמי]] (en)	וין אדאמי
[[:מאקי (מסע בין כוכבים)]] (de)	מאקי (מסע בין כוכבים)
[[:מרטאג]] (en fr pl)	מרטאג
&rlm;[[:גירוש צרפת (1182)]]&rlm; (en)	גירוש צרפת (1182)
[[:הולודק]] (de)	הולודק
&rlm;[[:FN PS90]]&rlm; (en)	FN PS90
[[:זאפוד ביבלברוקס]] (bar)	זאפוד ביבלברוקס
[[:ליאונרד מק'קוי]] (de)	ליאונרד מק'קוי
[[:ערך נוכחי נקי]] (nl)	ערך נוכחי נקי
[[:ויליאם רייקר]] (de)	ויליאם רייקר
[[:הסאסי במטרה]] (de hu)	הסאסי במטרה
[[:כריסטין צ'אפל]] (es)	כריסטין צ'אפל
[[:גיס (משפחה)]] (es it sv)	גיס (משפחה)
[[:הלידי כסף]] (de)	הלידי כסף
[[:משפט הסופרפוזיציה]] (de)	משפט הסופרפוזיציה
[[:אין ארוחות חינם]] (fr)	אין ארוחות חינם
[[:מונטגומרי סקוט]] (de)	מונטגומרי סקוט
[[:גינה קהילתית]] (en)	גינה קהילתית
[[:ז'אן-לוק פיקארד]] (de)	ז'אן-לוק פיקארד
[[:טרנספורטר (מסע בין כוכבים)]] (de)	טרנספורטר (מסע בין כוכבים)
[[:באת'לת]] (de)	באת'לת
[[:אל-אוריאנים]] (en)	אל-אוריאנים
&rlm;[[:Rape Me]]&rlm; (it)	Rape Me
[[:וייזור]] (en)	וייזור
[[:אנדוריאנים]] (de)	אנדוריאנים
[[:הפירמידות בבוסניה]] (nl)	הפירמידות בבוסניה
[[:שבע מתשע]] (de)	שבע מתשע
[[:אוקמפה]] (it)	אוקמפה
[[:הולוגרמה רפואית לשעת חירום]] (en)	הולוגרמה רפואית לשעת חירום
[[:טובוק]] (de)	טובוק
[[:רביע גלקטי]] (ca)	רביע גלקטי
[[:משתנים (מסע בין כוכבים)]] (en)	משתנים (מסע בין כוכבים)
[[:פרויקט ג'נסיס]] (en)	פרויקט ג'נסיס
[[:תסמונת פא'נאר]] (en)	תסמונת פא'נאר
[[:סבסטיאן מורן]] (ru)	סבסטיאן מורן
[[:דף אינטרנט דינמי]] (de)	דף אינטרנט דינמי
&rlm;[[:בלדה מס' 1 בסול מינור, אופוס 23]]&rlm; (en)	בלדה מס' 1 בסול מינור, אופוס 23
[[:שפעול]] (en)	שפעול
[[:מייפל סטורי (אנימה)]] (ja)	מייפל סטורי (אנימה)
[[:בית טורי]] (sv)	בית טורי
[[:הומופוביה מופנמת]] (en)	הומופוביה מופנמת
&rlm;[[:RJ-61]]&rlm; (en)	RJ-61
&rlm;[[:RJ-50]]&rlm; (en)	RJ-50
[[:בליה ביולוגית]] (en)	בליה ביולוגית
[[:טורין טורמבר]] (de simple)	טורין טורמבר
[[:ניינור ניניאל]] (de simple)	ניינור ניניאל
[[:אורוון]] (de simple)	אורוון
[[:מורוון אלדוון]] (de simple)	מורוון אלדוון
[[:הורין תליון]] (de simple)	הורין תליון
[[:שכחת ילד ברכב]] (en)	שכחת ילד ברכב
[[:אפקט לוציפר]] (en)	אפקט לוציפר
[[:סולנום העגבנייה]] (en)	סולנום העגבנייה
[[:הברית האחרונה]] (en)	הברית האחרונה
&rlm;[[:GCF]]&rlm; (en)	GCF
[[:צ'ובאקה]] (de)	צ'ובאקה
[[:המצור על האופידום של האדוואטוקים]] (en)	המצור על האופידום של האדוואטוקים
&rlm;[[:הבצורת בקליפורניה (2013 - 2014)]]&rlm; (en)	הבצורת בקליפורניה (2013 - 2014)
[[:נושאות הנסכים]] (en)	נושאות הנסכים
[[:נוטות החסד (מחזה)]] (en)	נוטות החסד (מחזה)
[[:ננוטכנולוגיה צבאית]] (en)	ננוטכנולוגיה צבאית
[[:בית מארטל]] (en)	בית מארטל
